station_id,darea,mean_annual_discharge,mean_sum_runoff,reservoir_capacity,aridity_index,elevation,soil_thickness,urban_frac,grwl_width,gswe_width_occ_1_scaled,gswe_width_occ_10_scaled,gswe_width_occ_20_scaled,gswe_width_occ_30_scaled,gswe_width_occ_40_scaled,gswe_width_occ_50_scaled,sinuosity,lai,fapar,mswx_prep,mswx_temp,mswx_temp_range,soil_30,soil_60,soil_100,water_table_h,water_table_l,snow_cover_5th,snow_cover_50th,snow_cover_95th,koppen,grwl_overlap
301161,201.849,558572.0,15515.3,0.0,0.348486,2338.01,0.595313,0.0,30.0,0.0,0.0,0.0,0.0,0.0,0.0,1.170776,0.00698454,0.00338504,453.393,1.96486,11.5375,0.504551,0.508348,0.538425,100.0,100.0,91.1609,94.7221,99.6138,26,0.0
301212,304.094,1255270.0,310252.0,0.0,1.35687,744.174,0.952138,0.000573793,30.0,0.0,0.0,0.0,0.0,0.0,0.0,1.06223,0.0771108,0.0203639,1708.96,9.5118,10.1939,0.590202,0.575466,0.55827,96.8491,96.8491,7.43448,20.4936,78.5885,9,0.0
301196,443.29,479507.0,114213.0,0.0,0.446272,1139.85,1.05076,0.0025309,30.0,0.0,0.0,0.0,0.0,0.0,0.0,1.622943,0.738151,0.295151,593.395,7.70432,9.75899,0.355681,0.352678,0.346922,60.7091,60.7091,35.9768,50.2598,79.262,7,0.0
301128,526.948,1827660.0,320108.0,0.0,1.08116,1518.09,0.522184,5.32661e-06,30.0,0.0,0.0,0.0,0.0,0.0,0.0,1.30698,0.0,0.0,1078.3,4.01739,8.45647,0.388819,0.384706,0.399407,70.1164,70.1164,88.9952,96.3339,99.7567,18,0.0
301200,622.006,2874900.0,294031.0,0.0,0.757555,1076.79,2.19914,0.00046439,30.0,0.0,0.0,0.0,0.0,0.0,0.0,1.060381,0.495461,0.141116,872.604,6.89874,10.4778,0.540326,0.536235,0.531001,64.8406,64.8406,73.8045,87.8447,98.6263,8,0.0689655172413793
300052,647.748,843620.0,170320.0,0.0,0.333228,1604.34,0.667976,0.00550699,30.0,0.0,0.0,0.0,0.0,0.0,0.0,1.0518,0.155195,0.0442724,485.319,4.35015,10.225,0.549233,0.544165,0.533577,100.0,100.0,80.1174,90.0589,98.7592,7,0.0
301190,838.611,2569070.0,373102.0,0.0,0.537517,1950.97,0.701381,1.2962e-05,30.0,37.43723302480349,35.65450764266999,26.74088073200249,0.0,0.0,0.0,1.156365,0.0,0.0,685.644,3.06012,10.2433,0.473178,0.461255,0.464149,90.6035,90.6035,86.3769,93.618,97.8721,18,0.0
301204,913.11,2293860.0,340766.0,0.0,0.433768,904.866,2.36643,0.0019233,30.0,0.0,0.0,0.0,0.0,0.0,0.0,1.165212,1.08607,0.385939,595.081,8.62995,9.25886,0.523841,0.534353,0.553058,99.8656,99.8656,31.5742,45.7117,85.8893,7,0.0
301136,1028.6,873320.0,59861.8,0.0,0.422738,1545.86,0.769157,0.00509485,30.0,0.0,0.0,0.0,0.0,0.0,0.0,1.112826,0.14178,0.0444357,612.218,6.40189,11.9639,0.447996,0.444321,0.457725,99.1666,99.1666,77.5546,83.5062,97.3728,17,0.0
300020,1066.92,927144.0,129090.0,0.0,0.297833,1789.21,1.79764,0.00129746,30.0,0.0,0.0,0.0,0.0,0.0,0.0,1.052165,1.3493,0.448953,443.763,4.39498,10.9481,0.515891,0.510693,0.499394,99.8122,99.8122,87.8363,95.444,99.3616,7,0.0
301129,1298.62,6362210.0,971010.0,1036.1,1.82681,1137.18,1.21,0.0008016,30.0,72.79023633178858,67.46412147824307,65.55218281286776,58.996964531580986,59.39425048802261,63.91337824254607,1.187289,0.103943,0.0317212,1716.74,5.2029,7.97275,0.613071,0.605063,0.601796,95.9313,95.9313,87.0971,89.6408,92.5271,18,0.0
301181,1400.79,1483940.0,208448.0,0.0,0.367415,2467.07,0.480947,0.0,30.0,0.0,0.0,0.0,0.0,0.0,0.0,1.662016,0.195205,0.100146,473.378,2.0773,10.971,0.520925,0.522839,0.554633,98.9093,98.9093,73.055,82.3482,95.2024,7,0.0
301194,1490.76,7233110.0,581850.0,0.0,0.54601,1653.48,1.48849,0.000239696,30.0,0.0,0.0,0.0,0.0,0.0,0.0,1.022868,0.337772,0.10277,692.594,4.56579,10.2359,0.504379,0.491975,0.496896,88.0706,88.0706,85.2731,89.4272,96.0124,7,0.0
301206,1660.39,6465780.0,667765.0,0.0,0.447083,907.741,5.70293,0.00184181,30.0,0.0,0.0,0.0,0.0,0.0,0.0,1.060039,1.02333,0.357187,609.931,8.55177,10.3432,0.514442,0.52049,0.536246,82.8628,82.8628,45.2654,55.541,85.5554,7,0.0
301216,1663.83,11123500.0,1431390.0,223.3,1.27459,596.083,2.60782,0.00839798,30.0,0.0,0.0,0.0,0.0,0.0,0.0,1.004287,0.711099,0.194996,1565.0,10.4758,10.3563,0.603404,0.596122,0.585051,67.4246,67.4358,5.08114,12.964,61.4831,9,0.0
301134,2152.56,2524830.0,275502.0,0.0,0.430364,1954.56,0.468192,2.81827e-05,30.0,48.40885759673398,50.82930047657068,50.82930047657068,50.82930047657068,87.13594367412117,0.0,1.37568,0.00503214,0.00178666,613.2,4.07221,11.3443,0.481242,0.469741,0.475064,99.9811,99.9811,84.2925,91.9434,99.5828,18,0.0
301162,2978.91,9985340.0,643732.0,0.0,0.405295,2370.83,1.37025,0.0,30.0,40.52211636327933,41.04837761475049,40.13619144553381,36.23406172166247,37.62767948018795,25.08511965345863,1.052496,0.154454,0.059122,524.04,1.60653,11.0229,0.496952,0.499366,0.527191,99.9889,99.9889,86.3108,92.814,97.3746,7,0.0
301205,4295.21,16407200.0,1276270.0,0.0,0.358418,627.061,8.75045,0.00626836,30.0,0.0,0.0,0.0,0.0,0.0,0.0,1.259824,0.855201,0.340349,504.78,10.0604,9.93889,0.486873,0.497327,0.522828,87.0152,87.0152,21.2523,32.4752,68.05,7,0.0
301182,4633.0,13680300.0,874839.0,0.0,0.386562,2388.46,1.06784,1.23139e-07,30.0,70.68995052453275,73.82074087410413,69.20694456947263,67.6690124679288,53.92374431038076,59.21038590943768,1.385511,0.168444,0.0739838,501.225,1.85668,11.0351,0.505179,0.507061,0.536247,99.6631,99.6631,80.9818,88.5621,96.3113,7,0.0
301131,8838.86,48899200.0,2693490.0,1321.9,0.930819,1037.65,2.57679,0.00604568,30.0,130.4467241416162,72.71523474110363,79.32571062665848,52.88380708443899,66.10475885554874,0.0,1.19734,0.298892,0.133391,947.153,6.64923,9.2255,0.407861,0.412506,0.429037,67.8034,67.8034,63.4671,74.0699,91.7882,5,1.0
301210,19782.2,79981200.0,1720880.0,0.0,0.321989,1192.78,1.15268,8.05448e-05,30.0,92.14172748427742,91.4808749305992,102.71536834312894,125.54100575271312,107.8511367602854,97.57959992597247,1.001605,0.653192,0.254301,468.586,7.43254,10.9063,0.529298,0.532087,0.542779,93.0358,93.0358,32.5494,46.3488,76.3988,7,1.0
301113,3092.38,28346000.0,2990050.0,1902.9,1.38018,1394.76,0.499476,9.0545e-05,30.0,87.04170396227246,52.42666339040349,39.52163855584264,42.34461273840282,42.34461273840282,42.34461273840282,1.020201,0.20149,0.0659088,1283.38,3.77347,8.00602,0.663112,0.659347,0.662547,99.6803,99.6805,85.0952,93.3107,95.8628,15,0.9166666666666666
301112,682.069,8063890.0,1217820.0,0.0,2.15556,654.881,1.41585,0.00629141,30.0,121.68683670373238,52.151501444456734,34.76766762963782,26.075750722228367,26.075750722228367,26.075750722228367,1.093563,0.324628,0.0746915,2031.8,7.87441,8.00113,0.643978,0.647488,0.642831,87.9205,88.123,45.6776,68.7295,96.1252,9,1.0
301109,336.197,1287660.0,371673.0,0.0,2.69905,210.061,2.00629,0.00415639,30.0,0.0,0.0,0.0,0.0,0.0,0.0,2.190481,2.63062,0.525305,2301.98,9.76389,7.30997,0.583465,0.570617,0.570102,19.265,19.265,1.36231,7.65113,70.5359,9,0.0
301118,266.903,1507980.0,465621.0,0.0,2.13681,826.047,0.849001,0.00878982,30.0,0.0,0.0,0.0,0.0,0.0,0.0,1.103379,0.549801,0.117476,1879.3,7.31612,7.18087,0.659401,0.658747,0.656917,97.0133,97.2008,65.5141,80.2086,98.5254,15,0.0
301117,270.268,1312920.0,471434.0,0.0,2.08353,1292.92,0.533684,3.17054e-05,30.0,27.43200125894598,27.43200125894598,27.43200125894598,0.0,0.0,0.0,1.13269,0.135069,0.0484704,1836.5,4.36332,7.37143,0.67171,0.671593,0.673925,99.8072,99.8073,85.9652,96.7319,99.5839,26,0.0
300311,85.8807,85821.9,30584.1,0.0,0.839801,179.913,1.0342,0.0047377,30.0,0.0,0.0,0.0,0.0,0.0,0.0,1.196684,1.98611,0.553051,1139.11,14.7413,9.23518,0.706399,0.723232,0.713763,22.908,22.9311,0.0,0.0,14.3042,14,0.0
300317,410.292,840721.0,116166.0,0.0,0.838606,78.542,1.34432,0.00746225,30.0,609.6898186417734,108.87318190031668,79.84033339356556,79.84033339356556,79.84033339356556,79.84033339356556,1.205122,1.17622,0.458957,1183.91,15.6869,9.11706,0.66335,0.682133,0.694816,16.5642,16.5642,0.0,0.0,8.85638,14,0.0
300336,80.4258,85348.7,37094.6,0.0,0.860263,271.143,1.18696,0.034747,30.0,0.0,0.0,0.0,0.0,0.0,0.0,1.202159,1.29896,0.476264,1215.42,15.4119,9.20606,0.720363,0.732101,0.723394,19.8882,19.949,0.0,0.0,8.46667,14,0.0
300331,110.802,68132.2,34503.1,0.0,0.912427,332.205,0.970759,0.00713429,30.0,0.0,0.0,0.0,0.0,0.0,0.0,1.106378,1.55515,0.506352,1183.25,14.1105,9.34683,0.716049,0.727579,0.713205,27.6067,27.607,0.0,0.0,14.2863,14,0.0
300340,80.8137,35763.7,19784.6,0.0,0.797913,189.271,1.09237,0.000798558,30.0,0.0,0.0,0.0,0.0,0.0,0.0,1.097423,1.68853,0.548807,1206.95,17.0182,9.42382,0.664608,0.674213,0.653923,16.9044,16.9044,0.0,0.0,1.88493,14,0.0
300989,2324.33,533341.0,52459.3,0.0,0.279973,675.528,1.14996,0.000273462,30.0,66.45121918987044,54.36917933716673,49.83841439240283,54.36917933716673,27.184589668583364,0.0,1.094752,0.738075,0.345973,587.904,18.5423,10.7695,0.652135,0.630982,0.596326,48.2064,48.2064,0.0,0.0,0.242215,6,0.0
300125,72.0949,50575.1,30799.1,0.0,1.06427,299.876,4.52476,0.00825155,30.0,0.0,0.0,0.0,0.0,0.0,0.0,1.167014,2.81065,0.634043,1100.84,8.20348,7.96893,0.697351,0.701219,0.69547,27.7443,27.7443,31.9797,45.3297,84.2008,26,0.0
300604,75.969,77808.9,45246.8,0.0,1.07722,389.529,4.97834,0.0371271,30.0,0.0,0.0,0.0,0.0,0.0,0.0,1.113269,2.65552,0.593256,1105.88,7.83484,7.48839,0.733617,0.739279,0.734933,34.9515,35.0038,70.1326,75.869,96.2573,26,0.0
300601,109.837,89466.6,43435.5,0.0,0.938723,383.47,3.09572,0.00703106,30.0,0.0,0.0,0.0,0.0,0.0,0.0,1.034393,2.76277,0.622262,987.77,8.13957,7.94785,0.707026,0.704249,0.695331,26.6935,26.6936,32.8715,42.0039,80.3151,26,0.0
300610,93.6378,2407940.0,54931.0,0.0,0.989357,105.107,33.1072,0.00802057,30.0,0.0,0.0,0.0,0.0,0.0,0.0,1.861982,2.94957,0.657807,992.867,6.76959,8.31565,0.631516,0.636247,0.639399,9.12426,9.12426,78.1822,88.6667,99.4387,26,0.0
300616,149.172,481648.0,58244.6,0.0,0.936109,125.079,9.70275,0.015529,30.0,0.0,0.0,0.0,0.0,0.0,0.0,2.017952,2.18284,0.532473,962.326,7.48256,8.15212,0.666138,0.678078,0.687573,25.6092,25.6092,41.8754,55.6754,81.0391,26,0.0
300130,146.615,144099.0,65227.5,0.0,1.07856,199.136,7.32235,0.0245511,30.0,0.0,0.0,0.0,0.0,0.0,0.0,1.080156,2.47104,0.586365,1181.9,9.66321,8.0031,0.686902,0.687738,0.684837,29.9947,29.9947,12.315,26.8749,74.4344,25,0.0
300560,181.706,209832.0,80124.4,0.0,0.859567,401.136,26.5263,0.00436042,30.0,0.0,0.0,0.0,0.0,0.0,0.0,1.296286,1.90237,0.484154,859.518,6.78533,8.43921,0.522267,0.523092,0.508943,14.1029,14.1029,78.7344,83.4139,97.8917,26,0.0
300573,229.145,322626.0,108817.0,0.0,0.741653,258.31,37.6991,0.123765,30.0,0.0,0.0,0.0,0.0,0.0,0.0,1.238531,1.35292,0.467597,813.743,8.70598,7.77931,0.354435,0.366725,0.378479,1.10881,1.10881,49.4853,58.2611,88.2155,25,0.0
300612,300.361,554070.0,169701.0,139.4,1.32372,737.683,2.35239,0.00142028,30.0,82.25581412169392,61.69186059127045,54.83720941446262,54.83720941446262,54.83720941446262,0.0,1.137019,2.83213,0.653872,1144.34,4.39632,7.91014,0.664832,0.669853,0.667756,45.0529,45.0529,38.0993,63.8704,90.2065,26,0.0
300622,316.721,757529.0,198814.0,0.0,1.32621,381.265,4.4757,0.00308907,30.0,0.0,0.0,0.0,0.0,0.0,0.0,1.007145,2.8016,0.636431,1175.45,5.4094,8.305,0.68074,0.690169,0.697554,36.4782,36.4782,89.1228,92.0249,96.9348,26,0.0
300537,341.681,338419.0,107225.0,0.0,0.976104,538.167,2.12612,0.000868403,30.0,0.0,0.0,0.0,0.0,0.0,0.0,1.103506,2.79657,0.611052,863.078,4.00286,8.29633,0.608328,0.597097,0.569561,11.249,11.249,71.3166,86.8498,92.3676,26,0.0
300605,331.618,2019350.0,250251.0,0.0,1.27237,324.063,18.2978,0.0160897,30.0,0.0,0.0,0.0,0.0,0.0,0.0,1.115233,2.88545,0.628762,1212.0,6.65716,7.27926,0.582936,0.587469,0.582985,9.2264,9.2264,87.4744,89.7468,97.7228,26,0.0
300103,441.399,2362230.0,241053.0,0.0,1.18931,192.065,6.251,0.00705272,30.0,0.0,0.0,0.0,0.0,0.0,0.0,1.09836,2.64647,0.624923,1138.93,6.72364,8.20623,0.646493,0.65218,0.655628,32.5916,32.5916,39.2692,70.1378,91.2165,26,0.0
300108,79.1559,98955.8,46596.4,0.0,1.21529,403.975,2.93267,0.00874618,30.0,0.0,0.0,0.0,0.0,0.0,0.0,1.983891,2.92569,0.644851,1148.11,5.95847,8.39895,0.661775,0.669282,0.675551,43.6728,43.6728,80.4309,86.5662,99.6146,26,0.0
300106,111.841,304769.0,57136.0,0.0,1.22542,406.69,4.6973,0.00570034,30.0,0.0,0.0,0.0,0.0,0.0,0.0,1.020498,2.90932,0.657149,1090.35,5.50106,8.61972,0.68818,0.697382,0.704698,38.863,38.863,83.7846,89.6981,98.7848,26,0.0
300211,60.7077,53291.5,31320.2,0.0,1.0472,564.513,1.69209,0.00185272,30.0,0.0,0.0,0.0,0.0,0.0,0.0,1.049853,2.27499,0.559574,1073.54,7.88749,7.89589,0.749107,0.746082,0.73679,37.6572,37.6572,10.7543,22.602,74.2314,26,0.0
300198,85.0275,1531840.0,36826.5,0.0,0.965589,368.289,5.8862,0.043712,30.0,0.0,0.0,0.0,0.0,0.0,0.0,1.072153,2.15628,0.559948,1035.17,9.04392,7.89868,0.747716,0.74663,0.741981,31.5244,31.5364,21.3328,38.3077,81.1822,25,0.0
300199,117.346,1985080.0,52708.9,0.0,1.05259,403.0,7.10124,0.0344476,30.0,0.0,0.0,0.0,0.0,0.0,0.0,1.494623,2.28424,0.566894,1113.68,9.0196,7.88369,0.744054,0.743974,0.740145,30.1255,30.1276,16.888,32.3957,79.2176,25,0.0
300204,119.396,209928.0,54297.4,0.0,1.00179,552.93,0.964267,0.000808563,30.0,0.0,0.0,0.0,0.0,0.0,0.0,1.056075,2.60921,0.604111,1034.64,8.11929,7.95971,0.698831,0.694293,0.681586,94.8404,94.8404,5.38536,7.65182,50.9658,26,0.0
300205,150.877,150254.0,76010.6,0.0,0.923102,406.399,1.11596,0.0211567,30.0,0.0,0.0,0.0,0.0,0.0,0.0,1.056249,2.1745,0.565332,1035.85,9.50309,8.31688,0.694233,0.691023,0.688877,36.2976,36.2976,19.1564,31.7631,70.7291,25,0.0
300220,188.549,326885.0,85040.8,0.0,0.896298,160.847,1.15244,0.0958991,30.0,0.0,0.0,0.0,0.0,0.0,0.0,1.227837,1.52591,0.504719,1089.29,11.2167,8.15155,0.683694,0.680983,0.68918,22.4721,22.4736,12.0596,26.2904,78.5417,25,0.0
300206,217.929,298996.0,111569.0,0.0,0.916068,389.371,1.1238,0.0216679,30.0,0.0,0.0,0.0,0.0,0.0,0.0,1.04865,2.04125,0.55312,1032.94,9.5511,8.31647,0.700995,0.698453,0.69563,36.1582,36.1582,19.4194,31.8722,68.6272,25,0.0
300207,367.426,868419.0,187532.0,0.0,0.916898,381.702,1.107,0.0215332,30.0,66.42260188896947,0.0,0.0,0.0,0.0,0.0,1.052319,2.0822,0.555412,1032.76,9.57171,8.3057,0.69256,0.689184,0.687206,36.3321,36.3321,20.0813,32.4002,69.1669,25,0.0
300191,368.254,1298550.0,177717.0,0.0,0.957503,398.037,3.62111,0.0103213,30.0,0.0,0.0,0.0,0.0,0.0,0.0,1.062347,2.72113,0.617443,1007.03,8.13986,7.98699,0.730367,0.73,0.718001,31.3405,31.3486,35.1745,48.904,83.342,26,0.0
300213,421.065,8602260.0,194694.0,0.0,0.966714,279.942,1.08245,0.0100622,30.0,0.0,0.0,0.0,0.0,0.0,0.0,1.008551,2.1762,0.550317,1106.93,10.139,8.12564,0.744901,0.746765,0.747594,46.9225,46.9647,13.1362,27.5424,83.2412,25,0.0
300214,422.404,1109430.0,184676.0,0.0,0.935514,370.925,1.09512,0.0132273,30.0,0.0,0.0,0.0,0.0,0.0,0.0,1.275609,2.39637,0.585987,1049.46,9.84921,8.23264,0.692701,0.68959,0.686947,38.3053,38.3053,10.677,21.7712,63.6561,25,0.0
300202,468.993,790258.0,222843.0,0.0,1.03686,579.992,0.910857,0.000872723,30.0,0.0,0.0,0.0,0.0,0.0,0.0,1.056438,2.22485,0.541117,1056.52,7.6769,7.78752,0.714129,0.712589,0.701665,56.5847,56.5847,9.95318,14.9617,58.4102,26,0.0
300143,52.344,71247.1,30478.4,0.0,1.10691,530.575,2.93194,0.0043337,30.0,0.0,0.0,0.0,0.0,0.0,0.0,1.052547,2.5812,0.578632,1115.68,7.30965,7.98634,0.752697,0.751072,0.742999,48.4723,48.4723,63.0598,71.8553,93.5156,26,0.0
300157,113.412,144961.0,53028.1,14.3,1.12744,413.868,0.978159,0.0285889,30.0,0.0,0.0,0.0,0.0,0.0,0.0,1.148449,2.19809,0.561669,1215.83,9.15389,7.94966,0.739093,0.741478,0.739172,34.7412,34.7412,15.4251,26.116,76.23,25,0.0
300155,113.111,697185.0,73022.3,0.0,0.985991,149.174,1.08015,0.114515,30.0,0.0,0.0,0.0,0.0,0.0,0.0,1.64573,1.12809,0.43632,1170.8,10.6457,8.46155,0.726856,0.739025,0.747153,24.5618,24.5666,12.4969,15.9131,74.5656,25,0.0
300140,130.859,260818.0,78416.6,0.0,1.10698,640.32,2.34592,0.000928005,30.0,0.0,0.0,0.0,0.0,0.0,0.0,1.077375,2.3781,0.537692,1095.27,6.70961,7.70813,0.760853,0.758154,0.752859,72.8136,72.8234,70.2744,78.1564,93.3876,26,0.0
300149,127.757,195079.0,83612.2,0.0,1.08367,320.495,1.62504,0.0162604,30.0,0.0,0.0,0.0,0.0,0.0,0.0,1.284073,2.34529,0.587091,1206.54,9.14171,7.96728,0.748059,0.750657,0.748834,24.848,24.848,14.739,26.3566,80.8245,25,0.0
300161,153.075,858872.0,58234.3,0.0,0.979539,161.388,1.07617,0.0951695,30.0,0.0,0.0,0.0,0.0,0.0,0.0,1.702451,2.21011,0.562545,1164.52,11.4066,8.27599,0.0,0.0,0.0,0.0,0.0,5.42102,17.3438,79.3806,25,0.0
300159,182.419,269423.0,80147.6,0.0,0.920231,159.443,1.1145,0.0664917,30.0,0.0,0.0,0.0,0.0,0.0,0.0,1.04739,1.43661,0.50263,1110.56,11.0393,8.21473,0.687437,0.687294,0.694251,17.6644,17.6645,16.6615,29.3572,86.7602,25,0.0
300154,195.431,527471.0,118127.0,0.0,0.993289,189.937,1.05626,0.097383,30.0,0.0,0.0,0.0,0.0,0.0,0.0,1.043213,1.29054,0.451845,1163.92,10.5214,8.34999,0.740751,0.750078,0.754393,23.4122,23.4209,10.5523,20.7598,81.2984,25,0.0
300150,197.662,459324.0,131161.0,0.0,1.05002,261.726,1.01919,0.0647378,30.0,0.0,0.0,0.0,0.0,0.0,0.0,1.013516,2.27189,0.568439,1183.63,9.84555,8.37706,0.748417,0.753026,0.753945,28.8711,28.8711,10.3497,22.5595,79.8253,25,0.0
300160,221.259,631825.0,89698.4,0.0,0.991819,178.335,1.07795,0.0937435,30.0,0.0,0.0,0.0,0.0,0.0,0.0,1.063606,2.07206,0.538371,1158.26,11.0258,8.4417,0.0583186,0.0587573,0.0587948,1.62439,1.62439,8.39962,18.2761,85.0726,25,0.0
300152,253.544,761266.0,149694.0,0.0,0.974267,154.298,1.11015,0.106806,30.0,0.0,0.0,0.0,0.0,0.0,0.0,1.024911,1.4554,0.476815,1159.99,10.7867,8.50733,0.680782,0.693419,0.701746,20.101,20.1095,8.97218,18.4887,75.1864,25,0.0
300141,859.119,2913810.0,508499.0,0.0,1.09038,591.848,2.43891,0.00252606,30.0,40.35119924312652,40.546132572803465,46.78399912246554,0.0,0.0,0.0,1.101282,2.43785,0.553787,1094.8,6.87296,7.79818,0.758882,0.757451,0.752198,63.0681,63.0814,67.0607,76.159,93.5166,26,0.0
300275,55.1313,83069.8,22309.3,0.0,0.845028,127.094,1.07614,0.284285,30.0,0.0,0.0,0.0,0.0,0.0,0.0,1.227245,1.53604,0.50205,1110.99,13.0379,8.37776,0.713488,0.728505,0.732665,10.1828,10.1828,0.33083,2.20805,48.0511,14,0.0
300246,81.2439,46762.2,28197.7,0.0,0.861715,486.204,0.976872,0.00185599,30.0,0.0,0.0,0.0,0.0,0.0,0.0,1.03546,2.25634,0.562816,993.909,10.131,8.49116,0.72036,0.717625,0.708586,37.7231,37.7311,8.31384,18.1322,60.8523,25,0.0
300265,115.937,107129.0,37029.1,0.0,0.741071,410.078,0.997259,0.0154407,30.0,0.0,0.0,0.0,0.0,0.0,0.0,1.051713,1.40702,0.509047,939.509,11.8354,9.35225,0.69404,0.693972,0.684672,33.6985,33.6985,3.91025,1.53358,56.3307,25,0.0
300273,159.202,316754.0,59319.0,0.0,0.803289,160.069,1.00782,0.0944612,30.0,0.0,0.0,0.0,0.0,0.0,0.0,2.462547,1.6954,0.511256,1037.2,12.5042,8.43351,0.691443,0.69737,0.692455,15.7394,15.7412,1.91673,3.7377,65.411,25,0.0
300262,189.795,198845.0,70189.0,0.0,0.830967,479.507,1.04263,0.016931,30.0,0.0,0.0,0.0,0.0,0.0,0.0,1.158379,1.31799,0.486484,1057.66,12.0138,9.23895,0.6979,0.703502,0.687952,30.663,30.6802,3.86742,2.93663,53.2913,14,0.0
300270,224.259,3871460.0,71475.8,0.0,0.806081,425.081,0.934484,0.00414353,30.0,0.0,0.0,0.0,0.0,0.0,0.0,1.148867,2.133,0.565499,994.182,12.076,9.15906,0.70796,0.706164,0.688979,34.2678,34.2678,0.00566696,0.0908852,27.6442,25,0.0
300269,263.149,386251.0,83387.2,0.0,0.801707,418.784,0.910484,0.00469129,30.0,0.0,0.0,0.0,0.0,0.0,0.0,1.234269,2.23287,0.57515,982.335,11.5552,9.0036,0.705078,0.701955,0.686589,32.1697,32.1697,0.258238,0.197954,31.9391,25,0.0
300248,266.071,224500.0,81766.0,0.0,0.841452,739.304,0.959512,0.000292489,30.0,0.0,0.0,0.0,0.0,0.0,0.0,1.09333,2.1024,0.579802,1028.49,10.149,8.92404,0.701101,0.69646,0.679847,44.4914,44.4915,0.713116,0.533585,31.7427,25,0.0
300249,385.525,1170260.0,110948.0,0.0,0.81619,388.699,0.981136,0.00207131,30.0,0.0,0.0,0.0,0.0,0.0,0.0,1.966535,2.27669,0.57914,965.827,10.7198,8.70986,0.717454,0.712678,0.701549,36.7264,36.7278,4.47569,9.55996,58.4477,25,0.0
300247,463.926,657080.0,179240.0,0.0,0.92202,870.441,0.943461,0.000342118,30.0,0.0,0.0,0.0,0.0,0.0,0.0,1.035884,2.0752,0.558168,1080.02,9.65325,8.5675,0.705611,0.703367,0.690126,45.2393,45.2393,3.52039,8.61826,62.2447,25,0.0
300264,545.071,586512.0,156079.0,0.0,0.79361,599.631,1.09806,0.00234326,30.0,54.80066700457875,0.0,0.0,0.0,0.0,0.0,1.158256,1.9172,0.519644,964.318,10.9321,9.18108,0.699147,0.697697,0.685274,39.8638,39.8638,0.440229,0.140024,28.5174,25,0.0
300245,640.085,1310020.0,244235.0,0.0,0.897631,559.064,1.01625,0.0101697,30.0,69.07799240669465,0.0,0.0,0.0,0.0,0.0,1.154733,2.27815,0.564763,1020.54,9.76647,8.32616,0.733385,0.731483,0.72324,37.0045,37.0261,16.3179,26.2275,67.7472,25,0.0
300179,141.794,145793.0,57332.3,0.0,0.932984,125.116,1.07921,0.0769666,30.0,0.0,0.0,0.0,0.0,0.0,0.0,1.032309,1.37583,0.485764,1164.64,11.9439,7.59727,0.699241,0.696806,0.695922,11.5912,11.5912,2.56475,10.2351,74.492,25,0.0
300224,90.1566,111358.0,37876.9,0.0,0.908597,150.266,1.02221,0.0809978,30.0,0.0,0.0,0.0,0.0,0.0,0.0,1.433508,1.713,0.504888,1141.32,12.2205,7.56596,0.151362,0.153305,0.152742,3.93651,3.94964,2.11894,8.74482,74.6173,25,0.0
300175,344.593,390097.0,118188.0,0.0,0.860292,18.1816,48.552,0.0233204,30.0,0.0,0.0,0.0,0.0,0.0,0.0,1.147319,1.45119,0.475343,1136.95,13.2017,7.24325,0.548666,0.567585,0.588876,1.44242,1.44268,3.56897,4.93697,50.6112,14,0.0
300238,71.5833,70476.6,26010.7,0.0,0.853163,144.332,1.10113,0.214241,30.0,0.0,0.0,0.0,0.0,0.0,0.0,1.117616,1.77352,0.520676,1100.07,12.6445,8.30974,0.699283,0.705755,0.697407,14.4353,14.4353,2.90568,3.9432,62.4094,25,0.0
300239,97.4137,233083.0,43159.5,0.0,0.86797,125.624,1.03752,0.240572,30.0,0.0,0.0,0.0,0.0,0.0,0.0,1.224191,1.26316,0.457594,1143.37,12.8138,7.98692,0.735571,0.740037,0.73047,15.6284,15.6284,0.495513,1.66055,51.2726,14,0.0
300299,57.5415,1348410.0,14576.6,0.0,0.831684,93.3034,1.07566,0.0318312,30.0,0.0,0.0,0.0,0.0,0.0,0.0,1.047868,2.13318,0.573532,1089.56,14.1509,9.04834,0.691252,0.702235,0.696293,21.1828,21.1834,0.0,0.0,19.114,14,0.0
300293,282.978,467635.0,108532.0,0.0,0.911795,799.512,1.0187,0.000300567,30.0,0.0,0.0,0.0,0.0,0.0,0.0,1.082875,2.03451,0.561318,1077.92,10.0833,8.74144,0.697922,0.695229,0.67678,42.8811,42.8811,1.45055,3.98571,46.1264,25,0.0
300289,406.671,1035500.0,165428.0,0.0,0.952476,814.402,0.957014,0.000878286,30.0,0.0,0.0,0.0,0.0,0.0,0.0,1.045955,1.87805,0.518783,1118.95,10.1498,8.74406,0.69235,0.690773,0.674268,45.7077,45.7077,1.49081,5.40545,41.8265,25,0.0
300301,180.763,127952.0,58013.9,0.0,0.840112,162.722,1.10986,0.000637826,30.0,0.0,0.0,0.0,0.0,0.0,0.0,1.042413,2.06246,0.564511,1109.44,14.0297,9.13004,0.679853,0.691882,0.683997,24.5412,24.5412,0.0,0.0,26.235,14,0.0
300104,364.995,1754150.0,183749.0,0.0,1.1407,75.1753,16.5748,0.0273476,30.0,53.50705565691458,49.62973278322512,39.08341456678978,41.87508703584619,41.87508703584619,55.83344938112826,1.289157,2.43542,0.602704,1150.22,7.62423,6.4698,0.419094,0.424692,0.424564,13.4278,13.4311,32.021,62.2833,93.2883,26,0.0
300135,223.109,264525.0,99292.7,0.0,1.14806,251.783,3.70764,0.108694,30.0,0.0,0.0,0.0,0.0,0.0,0.0,1.018147,2.30088,0.570624,1269.62,10.1135,7.92551,0.50454,0.510759,0.515707,14.6908,14.6912,6.60172,18.2638,62.0681,25,0.0
300167,118.913,103923.0,49419.8,0.0,0.982427,203.775,1.15396,0.0353251,30.0,0.0,0.0,0.0,0.0,0.0,0.0,1.232799,1.78316,0.508914,1176.02,11.2583,8.03748,0.0354619,0.0357091,0.0361875,0.737883,0.737883,9.04594,20.8663,81.3841,25,0.0
300169,141.263,143992.0,59454.8,0.0,0.979102,194.77,1.14138,0.0358867,30.0,0.0,0.0,0.0,0.0,0.0,0.0,1.467725,1.72909,0.50422,1177.14,11.3036,8.02153,0.0298543,0.0300624,0.0304652,0.621201,0.621201,8.10901,19.2281,78.0996,25,0.0
300180,64.5741,72720.3,25832.0,0.0,0.915669,123.299,1.13138,0.0314403,30.0,0.0,0.0,0.0,0.0,0.0,0.0,1.107497,1.34388,0.480997,1154.4,12.0748,7.66279,0.703757,0.698932,0.694391,10.6708,10.6708,2.56077,8.02185,76.2475,25,0.0
300276,139.855,704238.0,49464.4,0.0,0.796311,55.0063,33.6945,0.128554,30.0,0.0,0.0,0.0,0.0,0.0,0.0,1.040092,1.64509,0.496598,1074.15,13.6783,7.74164,0.63156,0.637184,0.635136,12.1904,12.2468,0.0,0.0947625,31.1554,14,0.0
300279,90.5778,53614.6,28754.2,0.0,0.794357,96.2364,1.10001,0.0568516,30.0,0.0,0.0,0.0,0.0,0.0,0.0,1.064278,1.90496,0.535664,1044.25,13.5057,8.56866,0.621823,0.631402,0.615473,15.5952,15.5952,0.00115317,0.109838,29.1265,14,0.0
300466,52.7292,103999.0,35661.9,0.0,0.89925,300.85,1.52817,0.0608122,30.0,0.0,0.0,0.0,0.0,0.0,0.0,1.059647,1.20317,0.511053,1188.51,13.0712,8.54836,0.707282,0.7146,0.711527,16.2299,16.2305,0.0844461,0.486833,22.6799,14,0.0
300520,55.2627,116677.0,21461.1,0.0,1.03093,938.832,1.00958,0.00594914,30.0,0.0,0.0,0.0,0.0,0.0,0.0,1.044121,2.06856,0.558516,1161.35,11.5859,8.97243,0.737648,0.741775,0.72898,48.6302,48.6302,0.015509,0.00379129,29.8177,14,0.0
300387,62.9267,53231.3,24884.5,0.0,1.02002,778.23,1.01284,0.00810867,30.0,0.0,0.0,0.0,0.0,0.0,0.0,1.353113,2.19606,0.556151,1084.08,8.98832,7.99273,0.732512,0.729719,0.722969,36.9769,36.9844,40.7226,58.2093,91.3388,26,0.0
300371,80.5959,81090.5,48770.4,0.0,1.11677,441.852,10.6722,0.0087725,30.0,0.0,0.0,0.0,0.0,0.0,0.0,1.099259,2.67309,0.604778,1180.72,8.69245,7.73518,0.74159,0.744717,0.739632,19.2075,19.2075,52.1381,65.8228,88.1311,26,0.0
300448,97.3395,93232.2,43063.5,0.0,0.808498,361.154,32.6768,0.0133492,30.0,0.0,0.0,0.0,0.0,0.0,0.0,1.029569,1.14417,0.440406,959.705,10.3462,8.15069,0.746898,0.759816,0.777389,2.9896,2.99089,21.4655,30.7026,72.5471,25,0.0
300455,93.726,11768600.0,51151.6,0.0,0.864392,265.026,26.8432,0.14914,30.0,0.0,0.0,0.0,0.0,0.0,0.0,1.151708,1.14358,0.454233,1101.33,12.323,8.38117,0.78758,0.791109,0.799968,12.7835,22.6599,0.830359,0.72354,27.2563,25,0.0
300428,99.8748,111234.0,46349.3,0.0,0.978526,341.686,1.0074,0.00395106,30.0,0.0,0.0,0.0,0.0,0.0,0.0,1.164126,1.98717,0.536057,1204.21,12.6535,8.6264,0.722616,0.716703,0.697162,62.0941,62.0941,0.0,0.0,7.37486,14,0.0
300367,112.245,144080.0,57970.2,0.0,1.19411,623.193,1.00991,0.00313204,30.0,0.0,0.0,0.0,0.0,0.0,0.0,1.141596,2.40484,0.559033,1155.41,7.23126,7.74864,0.727648,0.72881,0.724482,35.9654,35.9654,49.0629,49.2868,87.7823,26,0.0
300452,100.457,92302.1,42622.3,0.0,0.851624,347.924,35.9063,0.00582681,30.0,0.0,0.0,0.0,0.0,0.0,0.0,1.010556,1.08525,0.415688,1012.88,10.7741,8.2497,0.779064,0.790086,0.803653,2.4376,2.43923,18.6437,30.4108,75.5559,25,0.0
300457,106.027,196592.0,54635.4,0.0,0.999375,507.681,0.984895,0.00252534,30.0,0.0,0.0,0.0,0.0,0.0,0.0,1.10184,1.95369,0.538283,1250.56,12.4983,8.41894,0.734745,0.728696,0.710053,100.0,100.0,0.0,0.0,6.37509,14,0.0
300983,114.308,36710.4,18395.8,0.0,0.588615,339.187,7.78131,0.00716761,30.0,0.0,0.0,0.0,0.0,0.0,0.0,1.851644,1.08945,0.421616,998.377,16.6076,9.43285,0.595666,0.593795,0.594925,9.63919,9.64081,0.0,0.0,6.99353,14,0.0
300385,127.505,340719.0,58951.8,0.0,1.08369,753.328,1.02008,0.00232744,30.0,0.0,0.0,0.0,0.0,0.0,0.0,1.18288,1.86081,0.51668,1176.81,9.087,7.88202,0.73775,0.734823,0.729132,33.6783,33.6783,36.7529,52.9599,90.8726,26,0.0
300512,149.336,242768.0,81163.0,0.0,1.35648,1203.46,0.993655,0.0029973,30.0,0.0,0.0,0.0,0.0,0.0,0.0,1.143976,1.88773,0.531785,1551.93,10.7009,9.18013,0.736061,0.739497,0.729149,83.9432,83.9432,0.0,0.0,15.883,14,0.0
300525,133.158,456940.0,54804.6,0.0,0.986035,802.212,0.983634,0.00397886,30.0,0.0,0.0,0.0,0.0,0.0,0.0,1.216813,2.08677,0.557671,1165.53,11.5893,8.93988,0.723392,0.72707,0.711533,53.3119,53.3119,0.196544,1.12528,41.8433,14,0.0
300496,137.88,203517.0,64763.7,0.0,1.0057,369.929,1.22909,0.0115618,30.0,0.0,0.0,0.0,0.0,0.0,0.0,1.123953,1.78695,0.522646,1270.64,13.2865,8.72686,0.720356,0.717803,0.709836,32.2644,32.3087,0.0,0.0,4.58605,14,0.0
300497,159.937,337553.0,68293.7,0.0,1.00542,391.765,1.04394,0.00162196,30.0,0.0,0.0,0.0,0.0,0.0,0.0,1.162745,2.05366,0.553723,1243.26,12.6876,8.625,0.704726,0.702042,0.695887,26.8763,26.8763,0.0,0.0,11.5363,14,0.0
300979,159.745,41456.6,13939.9,0.0,0.42945,416.667,1.42298,0.00438528,30.0,0.0,0.0,0.0,0.0,0.0,0.0,1.027707,0.874806,0.40532,800.461,16.3182,10.2192,0.523079,0.51913,0.520338,23.1172,23.1172,0.0,0.0,12.3615,14,0.0
300386,163.332,185049.0,69160.2,0.0,1.06507,786.884,1.11401,0.00348089,30.0,0.0,0.0,0.0,0.0,0.0,0.0,1.019223,2.11708,0.547441,1144.88,8.88208,7.88383,0.728953,0.725282,0.720068,35.6093,35.6093,34.4309,53.487,92.2704,26,0.0
300461,175.079,251756.0,76541.8,0.0,0.97684,335.691,1.10923,0.00116672,30.0,0.0,0.0,0.0,0.0,0.0,0.0,1.625481,2.09672,0.554441,1210.07,12.5449,8.67131,0.73074,0.731125,0.717977,30.9331,30.9407,0.00126862,0.0,16.8321,25,0.0
300506,172.355,232112.0,77339.2,0.0,1.25105,948.796,1.02346,0.0168834,30.0,0.0,0.0,0.0,0.0,0.0,0.0,1.50707,1.0854,0.331675,1523.36,12.2154,9.05833,0.739054,0.745872,0.73207,46.4871,46.4871,0.0,0.0,6.16008,14,0.0
300948,196.134,1763940.0,62256.4,0.0,0.663581,217.436,1.70809,0.0289131,30.0,0.0,0.0,0.0,0.0,0.0,0.0,1.048889,1.39955,0.459104,1086.97,15.4961,9.18239,0.672056,0.675851,0.681862,8.85864,8.90761,0.0,0.0671767,26.6143,14,0.0
300374,227.364,397709.0,120261.0,0.0,1.06894,476.655,1.09987,0.00447796,30.0,0.0,0.0,0.0,0.0,0.0,0.0,1.045194,2.29354,0.565914,1162.38,9.2264,8.00504,0.768253,0.767711,0.763638,34.1848,34.2067,34.3573,35.2992,78.0117,26,0.0
300915,241.094,42293.1,11849.3,0.0,0.436819,3002.27,0.850892,3.42619e-05,30.0,0.0,0.0,0.0,0.0,0.0,0.0,1.84234,0.494072,0.162638,594.625,2.32612,10.9384,0.545692,0.537784,0.521396,100.0,100.0,56.2634,81.7558,98.2448,26,0.0
300394,283.973,446059.0,129495.0,0.0,0.995852,370.656,15.6003,0.00645929,30.0,0.0,0.0,0.0,0.0,0.0,0.0,1.050195,2.18241,0.550475,1100.94,9.1746,7.91968,0.741791,0.744455,0.735389,17.2319,17.2319,39.9462,51.1297,87.6285,26,0.0
300407,290.513,621447.0,190350.0,0.0,1.11287,538.305,1.01327,0.000882591,30.0,0.0,0.0,0.0,0.0,0.0,0.0,1.189777,2.10998,0.538409,1334.31,10.9686,8.05966,0.769723,0.768457,0.760988,49.1691,49.4084,0.77452,1.32379,32.3766,25,0.0
300472,309.362,645867.0,154699.0,0.0,0.919314,286.962,1.23791,0.0679512,30.0,0.0,0.0,0.0,0.0,0.0,0.0,1.020964,1.32524,0.515839,1175.31,12.7252,8.55282,0.660259,0.670749,0.684799,9.92012,9.99843,0.559001,2.87479,45.3313,25,0.0
300667,323.034,299937.0,109425.0,0.0,0.799611,294.429,2.41765,0.0126894,30.0,0.0,0.0,0.0,0.0,0.0,0.0,1.074773,1.15841,0.417639,895.807,8.42504,8.26581,0.630593,0.632526,0.647075,12.0419,12.0467,52.4601,69.5439,96.4557,25,0.0
300420,330.38,1143110.0,244739.0,0.0,1.29327,1072.68,1.00642,0.000549686,30.0,0.0,0.0,0.0,0.0,0.0,0.0,1.292077,2.12327,0.55638,1365.16,8.86666,8.03536,0.750619,0.75098,0.741439,87.9916,87.9916,2.53481,4.17444,50.351,26,0.0
300977,340.34,55335.6,17636.8,0.0,0.396203,484.365,1.09619,0.00304505,30.0,0.0,0.0,0.0,0.0,0.0,0.0,1.253566,0.742995,0.393347,747.84,15.7439,10.6435,0.643209,0.64859,0.657134,63.3423,63.3423,0.0,0.0,25.21,14,0.0
300955,337.611,468881.0,113783.0,0.0,0.765654,368.916,1.04104,0.0109992,30.0,0.0,0.0,0.0,0.0,0.0,0.0,1.294464,1.44825,0.491209,1165.88,14.5335,9.23513,0.740272,0.737569,0.739462,28.7601,35.1913,0.486676,0.217189,26.51,14,0.0
300474,380.812,881132.0,191061.0,0.0,0.917237,284.021,1.23652,0.062748,30.0,0.0,0.0,0.0,0.0,0.0,0.0,1.163668,1.33263,0.517955,1173.53,12.7127,8.54968,0.670481,0.680469,0.692618,9.93804,10.0476,0.52927,2.43421,42.5807,25,0.0
300413,404.126,13500900.0,180073.0,0.0,0.889928,244.415,1.15181,0.00466394,30.0,0.0,0.0,0.0,0.0,0.0,0.0,1.133457,1.95544,0.529314,1086.55,11.8904,8.58566,0.774021,0.77694,0.772722,25.7496,26.6675,3.92648,1.79491,31.3756,25,0.0
300450,525.531,1122900.0,230173.0,0.0,0.844891,330.996,44.8028,0.0166844,30.0,0.0,0.0,0.0,0.0,0.0,0.0,1.261433,0.903609,0.37727,992.249,10.5156,8.21621,0.772059,0.783524,0.796207,2.49642,2.49884,17.2775,28.9358,79.0424,25,0.0
300381,517.113,1417750.0,238872.0,0.0,1.07809,600.432,1.14566,0.0122403,30.0,0.0,0.0,0.0,0.0,0.0,0.0,1.137538,2.01083,0.531039,1200.23,9.77328,8.08528,0.75116,0.74947,0.742212,34.1789,34.1944,14.8431,29.2939,74.6594,25,0.0
300500,521.542,1179910.0,248483.0,0.0,1.14976,502.269,1.16205,0.00143181,30.0,0.0,0.0,0.0,0.0,0.0,0.0,1.234872,2.06023,0.569081,1441.62,13.39,8.54668,0.771881,0.777817,0.771105,37.5932,39.1042,0.0,0.0,7.31889,14,0.0
300409,530.801,1218230.0,288232.0,0.0,0.983563,314.226,1.06048,0.000439726,30.0,0.0,0.0,0.0,0.0,0.0,0.0,1.242497,2.05355,0.542792,1208.69,12.0773,8.44617,0.770098,0.768868,0.75548,31.7214,31.9341,2.33909,0.140369,12.0297,25,0.0
300685,571.885,561565.0,148294.0,0.0,0.811595,321.1,1.0543,0.00500271,30.0,0.0,0.0,0.0,0.0,0.0,0.0,1.170147,1.62788,0.488232,870.71,7.82726,8.2702,0.653989,0.660852,0.669901,14.2782,14.2782,54.295,65.7577,94.7958,25,0.0
300431,626.399,1616130.0,274875.0,0.0,0.920893,283.321,1.17225,0.00219924,30.0,0.0,0.0,0.0,0.0,0.0,0.0,1.097217,2.01048,0.539,1142.12,12.2172,8.54508,0.723578,0.724798,0.709283,29.3079,29.3079,0.246105,0.012399,21.1693,25,0.0
300658,689.873,1056610.0,202649.0,0.0,0.809675,356.774,1.77058,0.00510878,30.0,0.0,0.0,0.0,0.0,0.0,0.0,1.327036,2.56044,0.567395,856.013,7.25615,8.19065,0.63123,0.632642,0.62392,19.3999,19.3999,71.6547,83.5759,98.709,25,0.0
300368,808.64,2356250.0,478767.0,0.0,1.15927,474.706,10.7646,0.00919279,30.0,0.0,0.0,0.0,0.0,0.0,0.0,1.098771,2.78446,0.600967,1159.96,7.7702,7.40033,0.332771,0.333997,0.331356,14.069,14.069,78.5821,80.3059,97.8027,26,0.0
300962,1198.41,1610690.0,195793.0,635.9,0.547229,339.375,4.53035,0.0899629,30.0,0.0,0.0,0.0,0.0,0.0,0.0,1.356247,1.04761,0.373988,932.714,16.1419,9.67405,0.586821,0.591105,0.594867,11.1464,11.1464,0.0,0.0,7.01258,14,0.0
300985,2816.51,4009050.0,392633.0,417.9,0.666215,221.037,7.83018,0.00271732,30.0,0.0,0.0,0.0,0.0,0.0,0.0,1.001248,1.35677,0.460838,1085.54,16.6898,9.45769,0.497514,0.505863,0.504367,8.9837,8.98559,0.0,0.0,5.53821,14,0.0
300941,3140.9,109620.0,4519.65,0.0,0.205171,1762.4,3.08885,4.8683e-05,30.0,0.0,0.0,0.0,0.0,0.0,0.0,1.02316,0.490802,0.256068,438.175,11.043,12.3407,0.520553,0.516639,0.501544,85.0218,85.0218,5.61689,10.271,61.5871,7,0.0
300910,3703.98,4469880.0,418618.0,0.0,0.540923,2701.4,4.24813,1.54828e-06,30.0,0.0,0.0,0.0,0.0,0.0,0.0,1.306507,0.822263,0.308026,668.392,2.49691,11.1863,0.550401,0.541312,0.545372,39.7533,39.7533,90.0277,95.2306,98.6102,27,1.0
300971,3769.63,1174550.0,55939.7,124.0,0.265801,756.952,20.9844,0.00115129,30.0,0.0,0.0,0.0,0.0,0.0,0.0,1.196228,0.596374,0.293336,579.926,15.4904,11.8538,0.528346,0.529355,0.524993,27.6848,27.6848,0.0,0.0748046,20.9807,14,0.0
300972,5140.07,2132270.0,100571.0,124.0,0.281352,675.258,19.3524,0.00264717,30.0,0.0,0.0,0.0,0.0,0.0,0.0,1.079767,0.609822,0.302266,607.789,15.8456,11.7282,0.537551,0.539455,0.539038,23.6053,23.6053,0.0,0.0548603,17.6185,14,1.0
300973,6904.18,1407620.0,73779.2,0.0,0.280658,816.59,28.8526,0.00251432,30.0,0.0,0.0,0.0,0.0,0.0,0.0,1.205019,0.587883,0.295207,588.756,14.8631,11.6087,0.513126,0.513281,0.507943,26.5376,26.5376,0.0,0.875828,32.0247,14,0.0
300974,11835.9,5078390.0,198577.0,163.8,0.299436,707.629,21.9024,0.00255735,30.0,0.0,0.0,0.0,0.0,0.0,0.0,2.087077,0.611619,0.308754,623.501,15.3557,11.4623,0.523328,0.523589,0.520619,23.487,23.487,0.0,0.510893,26.5497,14,1.0
301224,469.184,2061110.0,463215.0,0.0,2.68351,399.286,1.06906,0.00471144,30.0,0.0,0.0,0.0,0.0,0.0,0.0,1.186755,0.667839,0.133982,2319.15,9.60458,7.66021,0.570475,0.574699,0.569773,30.7914,31.5607,1.17365,8.27966,74.5908,9,0.0
301226,857.417,4772420.0,761093.0,0.0,2.27025,321.984,1.0606,0.00233984,30.0,0.0,0.0,0.0,0.0,0.0,0.0,1.090858,0.0339509,0.00908321,2145.08,10.3436,8.20344,0.500683,0.499351,0.495089,34.8526,35.491,0.998993,4.07032,62.9333,9,0.0
301227,1167.22,5475000.0,861706.0,0.0,0.999557,974.842,0.916954,8.41289e-05,30.0,0.0,0.0,0.0,0.0,0.0,0.0,1.004881,0.162044,0.0438393,1358.06,9.68183,11.0222,0.539485,0.534179,0.52789,77.2534,77.2534,16.8264,32.748,82.3963,9,0.0
301230,441.48,4758060.0,349024.0,0.0,1.53738,650.225,0.986531,0.000771324,30.0,0.0,0.0,0.0,0.0,0.0,0.0,1.019857,0.146493,0.0386696,1767.07,11.0125,8.80624,0.594974,0.586848,0.583395,88.9246,88.9246,5.54078,14.4071,71.5367,9,0.0
301234,742.182,1150030.0,245500.0,48.1,0.514573,995.582,1.32437,0.0291329,30.0,0.0,0.0,0.0,0.0,0.0,0.0,1.183425,1.01935,0.316378,793.031,10.1565,11.2797,0.516358,0.522142,0.522629,56.8621,56.8621,10.6264,21.3084,55.7774,8,0.0
301056,139.059,11482.2,4929.67,0.0,0.279756,2528.52,0.696881,0.0,30.0,0.0,0.0,0.0,0.0,0.0,0.0,1.025474,0.835062,0.325962,459.217,4.62892,11.2078,0.0,0.0,0.0,0.0,0.0,90.1739,94.3584,99.8603,7,0.0
301033,552.584,292742.0,82830.4,45.5,0.50254,2781.82,1.39911,1.12306e-06,30.0,0.0,0.0,0.0,0.0,0.0,0.0,1.018616,0.974056,0.296521,641.395,2.08682,10.218,0.582681,0.569237,0.564458,45.5497,45.5497,95.3896,96.7536,97.4135,26,0.0
301038,654.354,493284.0,103310.0,0.0,0.407457,2606.13,1.8652,0.0,30.0,0.0,0.0,0.0,0.0,0.0,0.0,1.013852,1.50689,0.408494,576.52,2.98464,9.93659,0.588707,0.58008,0.573729,43.9878,43.9878,98.3925,99.6194,99.9891,26,0.0
301084,746.798,1109.78,194.226,0.0,0.208892,1473.05,7.81948,0.00316495,30.0,0.0,0.0,0.0,0.0,0.0,0.0,1.316759,0.439247,0.237999,444.21,17.0759,12.6888,0.557661,0.571671,0.576436,99.9127,99.9127,0.0,0.0060169,5.82887,6,0.0
301036,972.518,1223270.0,160020.0,0.0,0.38975,2545.55,0.806689,1.52562e-05,30.0,0.0,0.0,0.0,0.0,0.0,0.0,2.588425,2.01483,0.498245,576.35,3.65564,10.8938,0.591472,0.580285,0.576026,89.0325,89.0325,91.0948,95.2375,99.7476,26,0.0
301088,1209.06,862.164,154.162,0.0,0.189498,1139.83,10.8159,0.000374542,30.0,0.0,0.0,0.0,0.0,0.0,0.0,1.055936,0.387209,0.216818,398.175,18.5198,12.1315,0.518605,0.527653,0.528658,100.0,100.0,0.0,0.0,0.631596,6,0.0
301028,1197.35,1922500.0,256178.0,0.0,0.413875,2837.27,3.39566,0.0,30.0,35.90086636912917,34.55698367081952,32.58229888962983,33.78905070035686,25.341788025267647,0.0,1.004254,0.801436,0.275768,510.806,-0.204882,9.72688,0.504293,0.495815,0.519418,78.1469,78.1469,94.6434,95.957,98.6959,27,0.0
301078,1393.74,1924.88,713.003,0.0,0.208214,1391.39,3.07133,4.02078e-05,30.0,0.0,0.0,0.0,0.0,0.0,0.0,1.044561,0.489984,0.251243,470.029,16.5657,12.0634,0.585244,0.584915,0.56667,90.2942,90.2942,0.0,0.00611145,6.73836,6,0.0
301074,1931.72,6516.12,1703.1,0.0,0.221093,1532.22,11.037,0.000360905,30.0,0.0,0.0,0.0,0.0,0.0,0.0,1.02781,0.432935,0.235922,463.6,16.9334,12.8763,0.486354,0.487951,0.483067,100.0,100.0,0.000128504,0.000484127,3.1885,7,0.0
301039,2641.59,3291210.0,312019.0,0.0,0.32893,2445.25,3.34997,0.0,30.0,82.86467769373266,0.0,0.0,0.0,0.0,0.0,1.491895,1.30686,0.410541,493.015,4.00354,9.91529,0.584804,0.580007,0.585003,57.4868,57.4868,95.1771,97.8969,99.8418,7,0.0
301026,2746.75,778162.0,73959.2,0.0,0.414221,2966.55,1.18866,0.000137008,30.0,0.0,0.0,0.0,0.0,0.0,0.0,1.259805,0.462161,0.194138,495.396,1.58766,12.743,0.561352,0.552822,0.542338,68.9502,68.9502,82.5779,88.6912,99.057,7,0.0
301071,4285.33,18193.4,3039.66,0.0,0.232844,2203.73,2.72547,5.07812e-07,30.0,0.0,0.0,0.0,0.0,0.0,0.0,1.056582,0.265877,0.113987,466.126,9.42666,12.5189,0.554914,0.563847,0.556558,66.8365,66.8365,5.12575,16.6679,62.2105,7,0.0
301077,4547.66,61585.6,9340.49,0.0,0.197845,1491.56,11.6034,0.00233227,30.0,0.0,0.0,0.0,0.0,0.0,0.0,1.037896,0.415031,0.227948,420.538,17.0968,12.988,0.497521,0.502097,0.49736,99.9914,99.9914,0.000265686,0.000620548,2.80388,7,0.0
301037,8756.63,25784700.0,982911.0,134.7,0.368304,2364.28,1.61574,0.000223182,30.0,65.37894717685492,63.16271167933442,56.33903922644234,59.46898585013357,60.775996528158494,63.71677055371455,1.035364,1.31985,0.391807,527.435,4.37642,11.1903,0.568323,0.555131,0.559592,65.428,65.428,89.2033,94.3511,98.9371,7,0.9583333333333334
301099,13040.6,7049360.0,317804.0,0.0,0.224695,1697.47,4.08584,0.00174091,30.0,69.89304376765749,66.26896001674193,66.26896001674191,66.26896001674193,71.44622251804988,74.55258001883466,1.012998,0.391381,0.193609,444.831,12.4111,12.4339,0.549695,0.553217,0.54388,49.7447,49.7447,4.99611,12.8498,43.4737,7,0.0
301000,827.298,876020.0,35701.5,0.0,0.402954,2755.37,1.90057,0.000207359,30.0,0.0,0.0,0.0,0.0,0.0,0.0,1.244016,0.077411,0.0330733,559.646,5.57397,11.8093,0.562209,0.565178,0.55534,98.6272,98.6272,34.3957,60.297,86.5351,7,0.0357142857142857
301001,1066.26,434705.0,48345.7,0.0,0.356073,2588.59,2.78833,9.4837e-06,30.0,0.0,0.0,0.0,0.0,0.0,0.0,1.055466,0.302568,0.103125,535.932,5.96964,11.5181,0.497717,0.491864,0.488917,85.1887,85.1887,42.6254,58.69,82.4667,7,0.0
301107,118.458,37639.9,15009.5,0.0,0.561207,356.816,1.65063,0.163484,30.0,0.0,0.0,0.0,0.0,0.0,0.0,1.194756,0.294514,0.0824188,753.241,13.8872,5.87042,0.0,0.0,0.0,0.0,0.0,0.0,0.0,4.99042,9,0.0
301104,104.022,27993.4,13237.5,0.0,0.495604,375.374,1.87127,0.0678231,30.0,0.0,0.0,0.0,0.0,0.0,0.0,1.04376,0.0,0.0,717.562,14.4192,7.06866,0.0,0.0,0.0,0.0,0.0,0.0,0.0,4.47625,9,0.0
300039,73.2424,184154.0,24373.8,0.0,0.398065,2048.17,0.482629,0.000409977,30.0,0.0,0.0,0.0,0.0,0.0,0.0,1.139617,0.0,0.0,524.09,2.67811,10.5063,0.46741,0.462498,0.486882,100.0,100.0,62.5986,78.7928,92.7528,7,0.0
300049,75.069,131541.0,26872.5,0.0,0.401431,1998.32,0.485628,0.00101237,30.0,0.0,0.0,0.0,0.0,0.0,0.0,1.011721,0.0,0.0,525.302,3.34089,10.2432,0.575373,0.572209,0.55624,100.0,100.0,80.8981,89.1101,93.684,7,0.0
301213,113.064,822982.0,113497.0,0.0,1.35252,763.24,0.996272,0.000269078,30.0,0.0,0.0,0.0,0.0,0.0,0.0,1.174274,0.523668,0.138359,1628.44,9.94976,10.2886,0.581135,0.569724,0.553067,90.6781,90.6781,9.54965,20.4757,72.3271,9,0.0
301139,127.097,63810.6,36868.5,0.0,0.61107,2113.48,0.462159,0.000164147,30.0,0.0,0.0,0.0,0.0,0.0,0.0,1.123952,0.278813,0.0945504,711.444,2.42101,10.0075,0.454554,0.443548,0.458186,74.0193,74.0193,91.9434,96.0697,99.2928,19,0.0
301167,129.199,142123.0,32552.5,0.0,0.459569,2682.62,0.455803,0.0,30.0,0.0,0.0,0.0,0.0,0.0,0.0,1.043308,0.00774824,0.00310678,571.793,0.526844,10.5219,0.52813,0.555682,0.591837,99.9313,99.9313,84.8009,93.3042,99.0833,27,0.0
301148,135.883,496748.0,30685.5,0.0,0.404798,2292.23,0.447826,0.0,30.0,0.0,0.0,0.0,0.0,0.0,0.0,1.131422,0.0,0.0,522.377,1.69725,11.1014,0.470159,0.470283,0.502765,100.0,100.0,92.4027,97.9655,99.7095,27,0.0
301214,188.176,415231.0,149849.0,0.0,1.34057,616.97,1.04518,0.0010789,30.0,0.0,0.0,0.0,0.0,0.0,0.0,1.026035,0.613846,0.160119,1612.87,10.633,10.4813,0.602632,0.594271,0.583168,65.2332,65.2332,2.94665,9.59644,62.5463,9,0.0
301166,198.237,145995.0,48693.0,0.0,0.462615,2741.84,0.396587,0.0,30.0,0.0,0.0,0.0,0.0,0.0,0.0,1.033378,0.0,0.0,553.933,0.749339,10.6687,0.527635,0.540131,0.571206,99.8823,99.8823,78.0655,89.1999,98.4412,27,0.0
301151,209.965,246562.0,48178.1,0.0,0.439456,2553.97,0.447259,0.0,30.0,0.0,0.0,0.0,0.0,0.0,0.0,1.073604,0.0289934,0.0115723,536.855,1.08421,10.9678,0.499741,0.514704,0.549043,99.9684,99.9684,86.5531,94.3958,98.9639,27,0.0
300061,212.984,941704.0,96225.7,0.0,0.719125,1628.14,0.576359,0.00202765,30.0,83.9364516674192,83.9364516674192,55.957634444946144,55.957634444946144,0.0,0.0,1.031708,0.340016,0.100086,756.132,3.48832,9.23863,0.609358,0.604895,0.594227,84.2273,84.2273,99.0971,99.8752,99.9773,26,0.0
300044,228.581,97911.4,38776.2,0.0,0.360731,2034.66,0.500243,0.000972499,30.0,0.0,0.0,0.0,0.0,0.0,0.0,1.06689,0.00911221,0.0028725,481.055,3.03366,10.5841,0.53121,0.529089,0.531361,100.0,100.0,89.1869,96.3165,99.7772,7,0.0
300031,263.957,141934.0,51902.8,0.0,0.471791,1882.78,0.805807,8.97774e-05,30.0,0.0,0.0,0.0,0.0,0.0,0.0,1.096781,0.0,0.0,585.441,3.15721,9.49343,0.597261,0.595383,0.590218,97.4155,97.4155,86.7595,88.2466,88.6151,26,0.0
301177,300.251,136766.0,33302.9,0.0,0.361331,2483.24,0.432521,0.0,30.0,0.0,0.0,0.0,0.0,0.0,0.0,1.05483,0.214308,0.10567,469.395,2.13121,10.7286,0.517635,0.509639,0.540919,96.6845,96.6845,69.6422,80.3344,94.6462,7,0.0
300027,312.074,205390.0,49453.4,0.0,0.354929,2173.87,1.15334,7.83509e-06,30.0,0.0,0.0,0.0,0.0,0.0,0.0,1.016113,0.201547,0.0688688,480.125,2.22265,10.2644,0.565655,0.568431,0.55933,100.0,100.0,85.4701,94.7344,98.9375,7,0.0
301223,322.078,1622640.0,506951.0,0.0,2.35163,569.169,1.04958,0.0319352,30.0,0.0,0.0,0.0,0.0,0.0,0.0,1.01512,0.713184,0.188289,2379.52,9.0419,8.39201,0.629722,0.623671,0.619158,54.5672,54.5705,21.8227,40.7538,81.0966,9,0.0
301138,377.195,382129.0,110883.0,0.0,0.615641,1970.49,0.9844,0.00028525,30.0,0.0,0.0,0.0,0.0,0.0,0.0,2.500817,0.201695,0.0665955,724.692,2.49395,10.0124,0.474123,0.464333,0.479915,86.3945,86.3945,82.6312,84.1682,86.0985,18,0.0
301169,430.691,445706.0,95954.9,0.0,0.445474,2672.15,0.416643,0.0,30.0,0.0,0.0,0.0,0.0,0.0,0.0,1.125034,0.00232433,0.000931977,551.004,0.85265,10.6252,0.525515,0.538474,0.571563,99.8915,99.8915,81.1883,90.738,98.8732,27,0.0
301215,548.641,2231810.0,499610.0,0.0,1.34864,858.135,0.899357,0.000752408,30.0,0.0,0.0,0.0,0.0,0.0,0.0,1.081859,0.0933791,0.0248164,1674.26,9.61848,10.366,0.578024,0.567985,0.5528,90.6201,90.6217,11.5111,26.4379,81.0697,9,0.0
300005,558.82,234076.0,39349.9,0.0,0.547523,1247.37,1.08881,1.20386e-05,30.0,0.0,0.0,0.0,0.0,0.0,0.0,1.063213,1.32285,0.391569,635.649,5.06839,9.44723,0.572595,0.563755,0.546517,99.736,99.736,78.0045,83.9962,96.9082,26,0.0
301193,564.614,1101660.0,249023.0,0.0,0.540418,2176.21,1.1552,0.0,30.0,0.0,0.0,0.0,0.0,0.0,0.0,1.037877,0.0,0.0,667.471,1.98284,10.2638,0.474267,0.465652,0.486807,99.8928,99.8928,92.4069,97.5777,99.6771,18,0.0
301122,705.554,2055860.0,381300.0,0.0,0.828949,1092.85,1.13344,0.000126433,30.0,28.059452001375085,0.0,0.0,0.0,0.0,0.0,1.010937,0.559933,0.15388,953.706,6.58061,9.37379,0.54816,0.53991,0.524822,63.7877,63.7877,85.2994,91.4711,99.576,18,0.0
301191,852.883,2793710.0,379247.0,0.0,0.537105,1944.9,0.701217,1.27451e-05,30.0,33.357590417124825,34.400015117659976,37.52728921926543,37.52728921926543,33.357590417124825,37.52728921926543,1.037085,0.0,0.0,685.814,3.08096,10.2413,0.473534,0.461615,0.464476,90.7607,90.7607,86.1977,93.4746,97.8734,18,0.0
300033,885.298,1160850.0,230376.0,0.0,0.475801,1560.01,2.70125,0.000295161,30.0,89.52909119130062,25.579740340371607,25.579740340371607,0.0,0.0,0.0,2.23094,0.807517,0.241038,627.198,4.27667,9.74142,0.564977,0.559491,0.560721,99.6793,99.6793,88.4734,90.857,92.9878,26,0.0
301202,1117.33,22523100.0,236200.0,0.0,0.400371,896.265,2.67076,0.000931651,30.0,0.0,0.0,0.0,0.0,0.0,0.0,1.016038,0.765627,0.305891,551.698,8.8682,9.50863,0.345312,0.351845,0.363969,64.4156,64.4156,28.0043,39.4642,74.6612,7,0.0
301137,1162.43,2200530.0,291063.0,0.0,0.450599,2079.11,0.444797,1.62478e-06,30.0,79.71048217604005,75.32640565635785,71.73943395843605,86.08732075012325,114.78309433349766,114.78309433349766,1.337427,0.0,0.0,612.368,2.78594,11.0816,0.486648,0.474213,0.485279,100.0,100.0,80.625,90.5906,98.6252,18,0.0
301140,1545.16,2167130.0,279318.0,0.0,0.479756,1412.62,1.2684,0.000534209,30.0,0.0,0.0,0.0,0.0,0.0,0.0,1.080362,0.722281,0.244417,651.053,6.26058,10.6941,0.476415,0.472079,0.494219,46.3932,46.3932,90.9077,91.1061,98.9355,17,0.0
301198,3052.3,22338100.0,1673120.0,0.0,0.478326,1585.16,0.631595,4.53112e-05,30.0,91.73893043435956,88.57551904007131,82.24869625149479,75.92187346291827,71.70399160386725,56.9414050971887,1.012854,0.00531637,0.00152977,636.51,4.26761,9.70065,0.526422,0.515131,0.508625,97.7361,97.7361,91.4222,96.8257,99.3825,18,1.0
301207,3300.71,14675100.0,1202720.0,83.6,0.398983,870.678,3.37963,0.00184013,30.0,0.0,0.0,0.0,0.0,0.0,0.0,1.01346,0.966417,0.357124,567.215,8.86436,10.3599,0.5122,0.51819,0.538256,85.5048,85.5048,33.3915,44.559,80.4681,7,0.0
301201,3355.89,27955300.0,1962010.0,0.0,0.581256,1441.04,0.656066,3.49197e-06,30.0,78.56365793456403,78.56365793456403,78.56365793456403,80.24716489030469,68.08850354328882,53.05597678697831,1.061992,0.0,0.0,727.128,4.77092,9.54017,0.574497,0.56435,0.543924,98.9468,98.9468,94.7654,98.8085,99.9034,18,1.0
301126,3420.68,16092200.0,1812990.0,0.0,0.794585,1544.02,0.552198,5.66103e-05,30.0,55.57111824840389,52.79256233598369,52.09792335787864,52.09792335787864,51.60175265923218,55.57111824840389,1.04406,0.068324,0.0257863,818.373,3.38466,8.6513,0.580467,0.57268,0.578852,99.9802,99.9803,86.8326,94.7496,98.6403,7,0.0
301197,4961.44,32806300.0,2240370.0,0.0,0.466819,1682.58,0.560943,2.32558e-06,30.0,174.88336765274707,165.34427487168813,158.98487968431553,139.90669412219765,133.54729893482505,133.54729893482505,1.240496,0.00413203,0.00145119,616.168,3.96881,10.2222,0.538974,0.533562,0.524364,99.9574,99.9574,86.2079,94.9353,99.549,18,1.0
301125,20789.4,99314000.0,3058680.0,225.2,0.57088,1205.64,1.25436,0.00395299,30.0,54.17274509062513,50.56122875125011,51.42111359395845,46.14715322534733,47.68539166619224,50.18502913256522,1.023524,0.483683,0.164715,604.111,4.87135,8.65785,0.488402,0.485397,0.486437,74.4763,74.4763,72.2704,80.4152,89.5845,7,1.0
301114,3351.49,35625600.0,3346260.0,1902.9,1.41754,1374.48,0.508723,8.4115e-05,30.0,142.3244653825321,139.73674783012245,135.85517150150793,129.38587762048374,129.38587762048374,129.38587762048374,1.017078,0.237198,0.0764037,1315.71,3.87197,8.00767,0.663587,0.660261,0.663964,99.633,99.6332,84.4393,93.1753,96.1471,9,1.0
301115,3614.24,44644300.0,3770730.0,1902.9,1.46097,1347.71,0.543704,8.05807e-05,54.8528,131.68163053330744,139.42760879997255,162.66554359996803,171.3797691499663,171.3797691499663,171.3797691499663,1.007531,0.267253,0.0839958,1355.74,4.02487,7.99288,0.663762,0.660873,0.664414,99.6281,99.6283,83.6438,92.6988,96.2388,9,1.0
301119,1519.88,16335600.0,2451280.0,0.0,2.01946,875.576,1.34086,0.00768816,30.0,94.41399626044068,88.43842687686849,80.12953992447285,76.37346774051319,76.37346774051319,75.1214436791933,1.062834,0.969743,0.216785,1812.34,6.75358,7.06876,0.664835,0.664803,0.663743,90.3483,90.3828,56.966,75.7251,95.6367,15,0.0
300309,67.5261,58591.0,26252.2,0.0,0.971217,598.588,0.965104,0.000752969,30.0,0.0,0.0,0.0,0.0,0.0,0.0,1.054907,2.05782,0.569613,1224.63,12.4006,8.6952,0.707507,0.714251,0.694726,33.2377,33.2378,0.267196,0.0404947,27.7545,14,0.0
300310,289.135,746758.0,88709.9,0.0,0.864971,245.966,1.03843,0.0152043,30.0,0.0,0.0,0.0,0.0,0.0,0.0,1.078965,1.42245,0.469183,1135.88,14.2262,9.16263,0.704659,0.724188,0.721749,28.9643,29.129,0.0,0.0,20.1181,14,0.0
300329,205.4,264346.0,69201.9,0.0,0.947285,477.016,1.00642,0.00331233,30.0,0.0,0.0,0.0,0.0,0.0,0.0,1.023733,2.00826,0.56963,1201.48,13.11,9.08504,0.711784,0.72073,0.70452,28.7065,28.7065,0.000195437,0.000114928,14.2353,14,0.0
300330,331.101,489489.0,109469.0,0.0,0.922714,430.675,1.05667,0.0061804,30.0,54.12865145156886,0.0,0.0,0.0,0.0,0.0,1.164654,1.72885,0.52949,1177.85,13.2711,9.04279,0.715088,0.723418,0.708156,28.6278,28.6278,0.00782135,0.00196394,19.5668,14,0.0
300337,99.8717,62394.8,36432.7,0.0,0.884538,246.188,1.10994,0.00450403,30.0,0.0,0.0,0.0,0.0,0.0,0.0,1.187792,1.36732,0.51571,1304.96,16.2802,9.15714,0.0,0.0,0.0,0.0,0.0,0.0,0.0,4.6639,14,0.0
300341,619.297,633315.0,138067.0,0.0,0.787351,165.383,1.11329,0.00112902,30.0,0.0,0.0,0.0,0.0,0.0,0.0,1.159259,1.70077,0.553476,1194.23,17.1116,9.52328,0.6547,0.662975,0.643012,16.5552,16.5552,0.0,0.0,0.806009,14,0.0
300988,2806.64,243404.0,26180.1,0.0,0.272116,692.123,2.16923,0.000327414,30.0,0.0,0.0,0.0,0.0,0.0,0.0,1.023835,0.757856,0.348019,591.439,18.3187,10.8726,0.611696,0.583823,0.548886,37.7218,37.7218,0.0,0.0,0.466927,6,0.0
300129,54.3348,170706.0,34895.2,0.0,1.1829,469.141,3.07832,0.00334657,30.0,0.0,0.0,0.0,0.0,0.0,0.0,1.155237,2.61986,0.619584,1239.23,7.70346,7.95135,0.752137,0.749999,0.744879,49.8908,49.8908,12.8302,29.2772,79.8646,26,0.0
300581,61.7409,107145.0,17617.7,0.0,0.806246,238.022,37.2409,0.04263,30.0,0.0,0.0,0.0,0.0,0.0,0.0,1.101233,1.3157,0.434754,964.846,10.1066,6.64774,0.744162,0.764766,0.784814,2.27804,2.29402,26.6588,40.1736,75.9071,25,0.0
300114,79.9947,88886.2,48998.6,0.0,1.07856,246.841,10.0348,0.050017,30.0,0.0,0.0,0.0,0.0,0.0,0.0,1.282403,3.03462,0.670813,1114.23,7.694,8.24224,0.641131,0.6454,0.644038,17.205,17.205,31.3103,44.4305,90.2101,26,0.0
300117,69.957,270694.0,48296.3,0.0,1.13799,397.855,5.73742,0.0200552,30.0,0.0,0.0,0.0,0.0,0.0,0.0,1.104501,2.48652,0.566113,1153.35,7.29991,7.98793,0.734219,0.74011,0.737659,25.2397,25.2419,78.6939,82.4142,96.9559,25,0.0
300121,84.3354,151531.0,47640.3,0.0,1.08352,593.842,3.15884,0.00197998,30.0,0.0,0.0,0.0,0.0,0.0,0.0,1.127308,2.71148,0.613533,1086.42,7.03128,8.01795,0.761917,0.762649,0.760339,45.3182,45.3574,28.59,45.3155,90.1767,26,0.0
300596,104.118,185451.0,54505.7,0.0,0.811169,205.426,19.9752,0.12994,30.0,0.0,0.0,0.0,0.0,0.0,0.0,1.751657,1.8948,0.533099,904.926,8.92549,7.70818,0.618395,0.626806,0.642529,9.12177,9.12177,39.702,55.4617,83.2555,25,0.0
300600,102.345,96439.2,39509.9,0.0,0.849109,353.864,5.60646,0.0222891,30.0,0.0,0.0,0.0,0.0,0.0,0.0,1.020049,2.34776,0.575439,929.6,8.42973,8.05476,0.727829,0.725421,0.713037,33.4836,33.4837,38.0659,43.6261,84.653,26,0.0
300618,114.742,144594.0,46448.8,0.0,0.973309,157.058,9.89002,0.0298903,30.0,0.0,0.0,0.0,0.0,0.0,0.0,1.217271,1.8384,0.417819,973.042,7.25893,8.14437,0.686969,0.692329,0.693443,30.5477,30.5477,43.4526,53.629,78.1947,26,0.0
300115,143.96,228238.0,77409.9,0.0,1.13832,434.894,2.46584,0.00998995,30.0,0.0,0.0,0.0,0.0,0.0,0.0,1.07161,2.635,0.583872,1137.3,7.32394,8.01468,0.680344,0.68583,0.683749,36.2294,36.2294,17.7434,39.3664,86.8946,26,0.0
300127,165.094,217626.0,97920.7,0.0,1.31233,674.338,0.881973,0.00140932,30.0,82.87064765331637,0.0,0.0,0.0,0.0,0.0,1.056643,2.32487,0.542689,1267.49,6.56795,7.76619,0.76214,0.760027,0.752113,79.7524,79.7663,13.1592,29.1772,74.9584,26,0.0
300619,198.097,293685.0,111364.0,0.0,1.25883,443.3,2.59265,0.0110119,30.0,0.0,0.0,0.0,0.0,0.0,0.0,1.258715,2.94242,0.651152,1152.19,5.83264,8.41853,0.665129,0.672197,0.677788,43.9848,43.9848,51.0744,70.121,98.0289,26,0.0
300617,199.496,248998.0,78234.1,0.0,1.05678,245.06,4.61689,0.0267764,30.0,0.0,0.0,0.0,0.0,0.0,0.0,1.06157,2.61105,0.586875,1016.66,6.94973,8.16405,0.689314,0.694367,0.695111,31.213,31.213,47.7721,59.9487,86.8149,26,0.0
300608,213.813,805840.0,151414.0,0.0,1.44142,502.073,11.0271,0.000693682,30.0,0.0,0.0,0.0,0.0,0.0,0.0,1.3127,2.89721,0.64058,1275.68,5.47758,7.84968,0.5923,0.593971,0.588874,19.1869,19.1869,50.8248,73.7,96.9203,26,0.0
300602,257.747,378507.0,96906.3,0.0,0.856771,340.3,15.6411,0.00911554,30.0,0.0,0.0,0.0,0.0,0.0,0.0,1.113011,1.94294,0.532441,927.874,8.43458,7.43019,0.651308,0.648006,0.650093,18.7234,18.7238,42.4224,53.0049,89.0297,25,0.0
300116,303.189,680370.0,187488.0,0.0,1.25919,483.414,3.33963,0.0076542,30.0,49.91197330286189,0.0,0.0,0.0,0.0,0.0,1.021282,2.55765,0.580327,1219.77,6.77817,8.0943,0.693835,0.699363,0.701049,37.7503,37.7503,25.6295,42.2512,83.9261,26,0.0
300568,388.138,901461.0,188409.0,0.0,0.736098,254.036,44.2106,0.0138375,30.0,0.0,0.0,0.0,0.0,0.0,0.0,1.194419,1.27641,0.462673,805.208,8.56543,7.92447,0.555473,0.570845,0.584379,2.59338,2.59338,48.4631,61.0641,90.1295,25,0.0
300120,591.462,1544870.0,346109.0,0.0,1.20677,656.233,1.91747,0.00161398,30.0,68.86555574903389,68.52797949536213,65.21973220937915,77.9801145981707,0.0,0.0,1.036604,2.55186,0.590443,1169.55,6.87916,7.97591,0.761158,0.760107,0.753725,57.1837,57.1995,24.8538,41.341,85.8001,26,0.0
300614,696.531,2480880.0,343883.0,0.0,1.05517,374.768,3.223,0.00211049,30.0,111.76702115622206,0.0,0.0,0.0,0.0,0.0,1.036902,2.5205,0.578289,1012.56,6.44492,8.24645,0.637737,0.653259,0.663549,29.4346,29.4346,20.9554,40.9981,88.2758,26,0.0
300124,853.577,4879040.0,393251.0,0.0,1.0228,282.929,6.50158,0.0259218,30.0,59.76643727218595,50.22040909676736,54.78590083283712,54.78590083283712,82.17885124925567,54.78590083283712,1.040567,2.79676,0.625074,1065.64,8.12248,8.04434,0.699914,0.704366,0.700746,26.9545,26.9545,20.4953,36.1872,80.4786,25,1.0
300607,944.323,3642200.0,650940.0,27.9,1.51689,624.166,1.67941,0.000350339,30.0,49.51791402501696,43.25702834369297,43.7123654841529,31.223118202966354,31.223118202966354,27.320228427595563,1.025427,2.76723,0.631166,1312.04,4.8555,7.66977,0.643216,0.650093,0.646969,26.6533,26.6533,27.1364,51.3109,84.2712,26,0.0
300113,1025.57,3336690.0,554349.0,0.0,1.15014,390.472,3.07101,0.00552759,30.0,64.77277222110557,0.0,0.0,0.0,0.0,0.0,1.051237,2.66821,0.593256,1140.02,7.11872,8.27634,0.696213,0.701134,0.701674,38.6069,38.6069,30.4328,46.0062,87.0679,26,0.8076923076923077
300109,59.958,82818.5,39754.5,0.0,1.37412,621.026,1.33381,0.00851212,30.0,0.0,0.0,0.0,0.0,0.0,0.0,1.129202,2.54119,0.573821,1228.48,5.72118,8.36534,0.663153,0.667335,0.671574,46.1924,46.1924,42.5854,63.772,91.4419,26,0.0
300110,292.364,786225.0,187186.0,0.0,1.21982,388.463,1.80916,0.00533898,30.0,26.816205097187407,0.0,0.0,0.0,0.0,0.0,1.205563,2.89341,0.652333,1188.54,6.8903,8.56454,0.656914,0.663536,0.668153,43.1966,43.1966,9.15723,36.1058,89.9679,26,0.0
300209,98.3691,75813.5,47321.6,0.0,0.944052,539.142,0.956277,0.00341837,30.0,0.0,0.0,0.0,0.0,0.0,0.0,1.265736,2.42214,0.580157,992.445,8.05414,7.92205,0.735598,0.731812,0.718535,45.5313,45.5647,20.8013,31.0992,73.728,26,0.0
300208,112.97,477401.0,52068.4,0.0,0.941696,394.653,1.09666,0.0143483,30.0,0.0,0.0,0.0,0.0,0.0,0.0,1.031621,2.53978,0.605402,1045.25,9.3969,8.19493,0.693485,0.687437,0.68047,41.6504,41.6504,18.137,26.7298,68.4209,25,0.0
300184,152.968,269851.0,82974.7,0.0,1.0976,479.274,4.71008,0.000871447,30.0,0.0,0.0,0.0,0.0,0.0,0.0,1.122805,2.84156,0.630678,1105.16,7.13777,7.84361,0.752533,0.757268,0.753094,33.3602,33.4325,72.2077,80.3746,96.5121,26,0.0
300195,178.593,249121.0,78978.7,0.0,0.889184,487.227,5.58418,0.00436783,30.0,0.0,0.0,0.0,0.0,0.0,0.0,1.041804,2.67216,0.613866,922.21,7.77335,7.62751,0.721649,0.720567,0.708232,35.0294,35.0294,51.9124,63.7447,93.4295,26,0.0
300193,192.151,214785.0,82324.1,0.0,0.889868,520.471,3.02484,0.00187842,30.0,0.0,0.0,0.0,0.0,0.0,0.0,1.055572,2.43295,0.566285,933.244,7.83826,7.9037,0.727393,0.725612,0.709308,43.6941,43.6941,34.6945,42.9378,82.1766,26,0.0
300203,356.691,420521.0,166712.0,0.0,1.01266,575.75,0.947976,0.000448605,30.0,0.0,0.0,0.0,0.0,0.0,0.0,1.026867,2.21834,0.543865,1035.4,7.75178,7.83755,0.701825,0.698336,0.685667,82.239,82.239,9.86819,15.9437,57.6262,26,0.0
300210,449.035,842517.0,215422.0,0.0,0.951112,527.453,1.16413,0.0049474,30.0,0.0,0.0,0.0,0.0,0.0,0.0,1.094936,2.35392,0.566945,1001.08,8.11184,7.87977,0.739062,0.735317,0.721779,43.3428,43.3626,17.908,26.7974,71.5667,26,0.0
300189,567.019,1770870.0,328455.0,0.0,1.09842,466.245,4.40103,0.00389967,30.0,85.0296707841262,186.00240484027609,0.0,0.0,0.0,0.0,1.089341,2.88747,0.635268,1106.95,7.26946,7.71631,0.743286,0.745374,0.736961,33.0942,33.1822,70.7954,74.4726,95.2106,26,0.0
300163,60.156,60414.6,26808.0,0.0,1.01466,209.369,0.993862,0.0599967,30.0,0.0,0.0,0.0,0.0,0.0,0.0,1.063339,2.08318,0.546743,1163.71,10.891,8.37995,0.0,0.0,0.0,0.0,0.0,9.47231,19.7834,87.2646,25,0.0
300139,86.2371,202522.0,53095.6,0.0,1.11413,611.417,2.267,0.000839281,30.0,0.0,0.0,0.0,0.0,0.0,0.0,1.181334,2.39037,0.552832,1116.61,6.82456,7.6987,0.761205,0.757918,0.752734,76.7236,76.734,62.9798,72.6142,91.5379,26,0.0
300138,90.162,193763.0,54643.8,0.0,1.13939,648.325,1.78821,0.00110288,30.0,0.0,0.0,0.0,0.0,0.0,0.0,1.037855,2.38417,0.551182,1121.88,6.67779,7.69445,0.761205,0.757918,0.752734,76.7236,76.734,65.4169,69.3349,91.8712,26,0.0
300162,95.5444,92496.1,42012.3,0.0,1.00473,190.693,1.06815,0.0874538,30.0,0.0,0.0,0.0,0.0,0.0,0.0,1.025544,2.17,0.552462,1165.11,10.8331,8.43527,0.349544,0.35608,0.35739,8.5016,8.51932,9.74487,19.8707,87.6785,25,0.0
300153,135.279,230046.0,80279.2,0.0,1.0044,205.926,1.03859,0.0778582,30.0,0.0,0.0,0.0,0.0,0.0,0.0,1.02057,1.37844,0.462779,1167.04,10.4305,8.31593,0.753763,0.759398,0.759593,24.952,24.9606,11.3351,22.4116,84.0877,25,0.0
300148,172.629,362340.0,117109.0,0.0,1.45172,770.492,1.05636,0.00164232,30.0,79.98304412128363,79.98304412128363,0.0,0.0,0.0,0.0,1.033778,2.36395,0.563661,1317.42,6.56771,7.6763,0.755284,0.752857,0.746058,59.4499,59.4499,7.18602,22.0132,77.8018,26,0.0
300158,410.958,661101.0,190535.0,0.0,1.01086,199.467,1.04434,0.0553557,30.0,0.0,0.0,0.0,0.0,0.0,0.0,1.074603,1.75926,0.502726,1170.34,10.4755,8.38873,0.718844,0.722664,0.721155,24.2361,24.2435,10.3367,20.05,85.3746,25,0.0
300137,425.42,950166.0,261685.0,0.0,1.20678,667.947,1.51434,0.00121418,30.0,0.0,0.0,0.0,0.0,0.0,0.0,1.02117,2.35991,0.544336,1169.86,6.56461,7.73781,0.764188,0.761939,0.755685,79.7509,79.773,50.8852,57.8634,89.9263,26,0.0
300271,81.3312,158104.0,31420.1,0.0,0.856149,172.577,1.09283,0.0244205,30.0,0.0,0.0,0.0,0.0,0.0,0.0,1.058646,1.29698,0.499107,1064.01,11.8796,8.26121,0.631299,0.635543,0.649162,12.5893,12.5911,4.8825,18.5061,78.8837,25,0.0
300243,125.691,150656.0,51501.2,0.0,1.0087,752.581,1.00186,0.0115088,30.0,0.0,0.0,0.0,0.0,0.0,0.0,1.188184,2.26781,0.567841,1081.86,9.12472,8.14442,0.731825,0.728783,0.723194,36.509,36.51,18.5505,33.3743,73.085,26,0.0
300241,191.446,310970.0,103671.0,0.0,1.12143,858.321,1.06445,0.00366772,30.0,0.0,0.0,0.0,0.0,0.0,0.0,1.07349,2.18473,0.555724,1214.84,8.78077,8.19272,0.723223,0.718783,0.710093,37.9143,37.9143,18.3977,44.871,90.9315,26,0.0
300253,265.586,920258.0,76003.8,0.0,0.806554,335.854,0.955079,0.00109707,30.0,0.0,0.0,0.0,0.0,0.0,0.0,1.294778,2.2457,0.579095,967.061,10.91,8.71241,0.716178,0.711161,0.69888,33.4446,33.4446,5.1461,11.7867,67.0332,25,0.0
300251,278.745,1825250.0,65371.8,0.0,0.776053,371.696,0.980811,0.00114001,30.0,0.0,0.0,0.0,0.0,0.0,0.0,1.345239,2.37859,0.588031,933.189,11.3012,9.25149,0.710111,0.704218,0.689876,36.1789,36.1789,4.68513,6.98301,62.8408,25,0.0
300235,66.6639,64611.6,30978.7,0.0,0.870069,148.172,1.05417,0.300178,30.0,0.0,0.0,0.0,0.0,0.0,0.0,1.587723,1.5653,0.490701,1148.52,12.7105,7.94034,0.702542,0.720074,0.728528,12.683,12.683,0.0673464,2.17589,65.32,14,0.0
300234,72.77,49379.2,27381.7,0.0,0.875533,217.744,1.01716,0.0256012,30.0,0.0,0.0,0.0,0.0,0.0,0.0,1.212906,1.43919,0.490689,1096.67,11.978,8.19111,0.683652,0.689537,0.689128,15.3076,15.3076,3.54139,16.0657,79.2072,25,0.0
300236,89.4677,56752.6,31415.4,0.0,0.853748,186.063,1.02725,0.11679,30.0,0.0,0.0,0.0,0.0,0.0,0.0,1.516105,1.75714,0.525079,1081.72,12.3289,8.37099,0.699281,0.705753,0.697403,14.4357,14.4357,2.93953,4.98019,72.6615,25,0.0
300294,89.8722,87995.8,32126.5,0.0,0.826391,588.009,0.906183,0.0492613,30.0,0.0,0.0,0.0,0.0,0.0,0.0,1.177724,2.04192,0.566255,1046.99,12.4572,9.24051,0.690154,0.69056,0.675119,42.8565,42.8565,0.407962,0.0,35.8633,14,0.0
300296,246.149,217158.0,78809.6,0.0,0.870882,278.848,1.10125,0.010915,30.0,0.0,0.0,0.0,0.0,0.0,0.0,1.129745,2.12711,0.565408,1115.54,12.9678,9.44118,0.696893,0.708315,0.68807,34.7774,34.7817,0.347681,0.0,32.211,14,0.0
300291,397.294,770380.0,143620.0,0.0,0.864602,730.654,0.956386,0.0057221,30.0,25.398067383339058,0.0,0.0,0.0,0.0,0.0,1.334733,2.02255,0.556077,1047.86,11.3222,9.00117,0.683956,0.682367,0.666598,44.9543,44.9543,0.142431,0.104215,28.1396,14,0.0
300290,422.887,834899.0,159099.0,0.0,0.870319,695.149,0.946327,0.00320009,30.0,83.9114305527024,0.0,0.0,0.0,0.0,0.0,1.070328,1.9961,0.552375,1061.99,11.1496,8.9249,0.683017,0.679838,0.662355,45.6492,45.6492,0.110608,0.0995705,23.2309,25,0.0
300647,1243.47,298036.0,59264.8,0.0,0.598746,356.61,49.8526,0.000930846,30.0,0.0,0.0,0.0,0.0,0.0,0.0,1.248142,1.85844,0.51819,589.014,3.24186,9.09476,0.627568,0.662672,0.706092,1.66216,1.66216,83.5422,86.6447,97.999,26,0.0
300391,55.0854,36442.3,18693.2,0.0,0.931211,351.641,29.5001,0.0736612,30.0,0.0,0.0,0.0,0.0,0.0,0.0,1.101668,1.63508,0.486891,1051.8,9.68883,8.2211,0.727703,0.737093,0.730072,7.62492,7.62729,23.3103,33.0778,70.4859,25,0.0
300527,57.6,442988.0,24673.8,0.0,0.978922,502.486,1.1074,0.00255381,30.0,0.0,0.0,0.0,0.0,0.0,0.0,1.021817,2.16882,0.577908,1226.43,13.1038,8.80861,0.725041,0.725597,0.711021,31.4658,31.4663,0.0,0.0,16.3458,14,0.0
300422,60.6776,306989.0,42406.6,0.0,1.12678,813.349,1.0,0.000291169,30.0,0.0,0.0,0.0,0.0,0.0,0.0,1.080902,1.94124,0.518231,1273.99,10.3648,8.10388,0.732659,0.7288,0.712781,42.8353,42.8353,0.568853,5.00812,56.6028,26,0.0
300477,60.8368,75012.6,36091.6,0.0,0.917393,294.961,1.13588,0.0618331,30.0,0.0,0.0,0.0,0.0,0.0,0.0,1.700392,1.09642,0.490816,1188.45,13.0213,8.54659,0.677939,0.682449,0.686304,16.0413,16.0753,0.115728,0.970695,29.7732,25,0.0
300449,62.55,18512800.0,30075.9,0.0,0.874209,248.208,23.0611,0.0810365,30.0,0.0,0.0,0.0,0.0,0.0,0.0,1.044774,1.22656,0.448123,1095.5,12.2409,8.37968,0.78758,0.791109,0.799968,12.7835,22.6599,0.962259,3.57189,32.401,25,0.0
300518,66.542,42439.8,20964.0,0.0,0.939314,850.011,0.970797,0.00528372,30.0,0.0,0.0,0.0,0.0,0.0,0.0,1.026193,1.95966,0.543885,1094.43,10.7396,8.84534,0.722787,0.72334,0.706508,46.6212,46.6212,0.388938,0.354065,18.573,14,0.0
300510,72.9482,62758.1,43749.6,0.0,1.64418,1451.12,0.984848,0.00620518,30.0,0.0,0.0,0.0,0.0,0.0,0.0,1.058328,1.81135,0.553256,1767.05,10.6102,8.82182,0.738568,0.746029,0.734083,77.0828,77.0828,0.0,0.00857782,17.8932,15,0.0
300447,80.8177,816560.0,39448.5,0.0,0.879322,262.481,3.38353,0.159447,30.0,0.0,0.0,0.0,0.0,0.0,0.0,1.039843,1.41981,0.483569,1108.89,12.2994,8.39442,0.781212,0.782938,0.790645,12.5,21.9418,1.19241,0.886554,31.32,25,0.0
300480,75.8907,113497.0,49162.9,0.0,0.902264,288.867,1.15628,0.0909938,30.0,0.0,0.0,0.0,0.0,0.0,0.0,1.286523,1.0432,0.47484,1181.81,13.0057,8.5446,0.660997,0.671569,0.684526,10.7989,10.8361,0.102988,0.767064,25.2373,25,0.0
300429,80.5468,212882.0,38506.5,0.0,0.968805,550.268,1.0,0.00166089,30.0,0.0,0.0,0.0,0.0,0.0,0.0,1.488537,1.93693,0.534739,1183.6,12.2036,8.73134,0.729541,0.727073,0.709375,98.6486,98.6486,0.0,0.0,2.54343,14,0.0
300456,92.7855,93816.8,41828.4,0.0,0.88771,253.846,5.09564,0.0388251,30.0,0.0,0.0,0.0,0.0,0.0,0.0,1.118228,1.50533,0.492041,1116.71,12.2899,8.47022,0.76278,0.759292,0.763663,11.6802,19.8656,0.427689,0.739796,37.9379,25,0.0
300439,101.639,28970300.0,43900.9,0.0,0.896889,228.702,1.18858,0.04909,30.0,0.0,0.0,0.0,0.0,0.0,0.0,1.034243,1.52386,0.494015,1120.91,12.2574,8.41845,0.830321,0.834159,0.830019,11.9543,26.2665,1.51654,0.36025,33.4322,25,0.0
300487,107.003,102314.0,56053.7,0.0,0.966255,285.795,1.20818,0.0085977,30.0,0.0,0.0,0.0,0.0,0.0,0.0,1.060132,1.4164,0.539453,1250.7,13.2483,8.57816,0.684661,0.688854,0.70181,16.6923,16.6977,0.000611825,3.46502,45.8134,14,0.0
300481,110.736,106030.0,50453.9,0.0,0.920197,281.176,1.08844,0.0280768,30.0,0.0,0.0,0.0,0.0,0.0,0.0,1.69193,1.77795,0.524059,1161.34,12.4884,8.53331,0.770236,0.775482,0.769371,10.9987,11.473,0.184299,0.177018,28.3074,25,0.0
300522,132.056,1968460.0,49773.4,0.0,0.926886,464.327,1.08739,0.00267564,30.0,0.0,0.0,0.0,0.0,0.0,0.0,1.06767,2.02945,0.558818,1167.5,13.2013,9.133,0.716758,0.717201,0.704182,38.6239,38.6239,0.0,0.0,14.9529,14,0.0
300396,126.927,10160200.0,45883.0,0.0,0.857018,338.886,1.04116,0.0399352,30.0,0.0,0.0,0.0,0.0,0.0,0.0,1.24344,1.87807,0.524718,1021.65,10.6158,8.27064,0.737737,0.744211,0.743671,36.0534,36.6078,12.0737,14.1816,65.3499,25,0.0
300532,131.565,141202.0,52476.6,0.0,1.20632,476.465,1.01657,0.00490519,30.0,0.0,0.0,0.0,0.0,0.0,0.0,1.095483,2.0761,0.561385,1538.28,14.1983,8.59088,0.773686,0.776428,0.771357,45.6725,49.0844,0.0,0.0,4.88071,14,0.0
300511,133.091,184405.0,68389.8,0.0,1.43897,1241.26,0.992845,0.00608953,30.0,0.0,0.0,0.0,0.0,0.0,0.0,1.032123,1.8543,0.547554,1607.29,11.2654,9.02986,0.741856,0.748973,0.738201,78.467,78.467,0.0,0.00393329,16.9826,14,0.0
300370,136.584,254468.0,79107.3,0.0,1.19027,447.266,12.7792,0.00985492,30.0,0.0,0.0,0.0,0.0,0.0,0.0,1.097534,2.80824,0.580973,1202.22,8.42387,5.69302,0.0078468,0.00788213,0.00780596,0.200506,0.200506,72.0744,73.6185,92.3945,26,0.0
300488,138.94,160290.0,70929.7,0.0,0.93553,244.714,1.16681,0.00766088,30.0,0.0,0.0,0.0,0.0,0.0,0.0,1.112015,1.27859,0.463853,1211.78,12.7899,8.51207,0.621186,0.624361,0.629267,10.9651,11.0011,0.514728,0.531239,48.404,25,0.0
300430,154.398,166695.0,70061.5,0.0,0.944545,309.7,1.0299,0.00135983,30.0,0.0,0.0,0.0,0.0,0.0,0.0,1.078856,2.0355,0.54466,1169.74,12.1855,8.51368,0.719553,0.720684,0.705574,28.9618,28.9618,0.212091,0.0,23.247,25,0.0
300373,163.262,157853.0,85683.3,0.0,1.17483,597.051,1.0,0.00269995,30.0,0.0,0.0,0.0,0.0,0.0,0.0,1.032123,2.51763,0.592609,1159.26,7.46274,7.77277,0.727298,0.728729,0.724832,35.9917,35.9917,23.5451,30.5563,72.3515,26,0.0
300483,182.04,32936300.0,88732.5,0.0,0.924969,229.141,1.16169,0.0361919,30.0,0.0,0.0,0.0,0.0,0.0,0.0,1.081411,1.49767,0.492138,1191.85,12.8523,8.39874,0.259872,0.261369,0.263579,4.78051,4.9397,0.19154,1.02953,42.8421,14,0.0
300945,179.088,101148.0,34742.7,0.0,0.471431,382.587,37.4476,0.0326651,30.0,0.0,0.0,0.0,0.0,0.0,0.0,1.095687,0.733339,0.387319,838.033,15.3012,10.5628,0.572095,0.581061,0.601078,10.4045,10.4045,0.0,0.0,32.8582,14,0.0
300405,196.115,1173080.0,79859.1,0.0,0.868562,272.422,1.0651,0.00662249,30.0,0.0,0.0,0.0,0.0,0.0,0.0,1.239432,1.59788,0.494462,1038.27,11.0113,8.6366,0.744972,0.747836,0.737904,18.6859,19.1198,11.1148,14.0121,58.0863,25,0.0
300513,198.365,212542.0,64777.6,0.0,1.00948,913.601,1.02407,0.00324249,30.0,0.0,0.0,0.0,0.0,0.0,0.0,1.124425,2.08969,0.561379,1171.18,10.7927,8.59291,0.716616,0.718937,0.703106,42.9103,42.9103,0.841558,1.02176,35.7987,14,0.0
300421,207.736,601291.0,150015.0,0.0,1.29008,1082.27,1.01282,0.00080205,30.0,0.0,0.0,0.0,0.0,0.0,0.0,1.070077,2.14131,0.563553,1359.42,8.91648,8.00983,0.740999,0.739891,0.729347,64.2447,64.2447,1.60542,2.71299,47.6168,26,0.0
300419,219.811,581454.0,86759.0,0.0,0.875735,777.721,1.01637,0.00161884,30.0,0.0,0.0,0.0,0.0,0.0,0.0,1.161112,1.98893,0.54231,1043.58,10.9388,8.84086,0.687738,0.685852,0.670422,44.9708,44.9708,1.33558,1.09967,43.8963,25,0.0
300380,221.107,315348.0,101412.0,0.0,1.16339,1020.87,1.31619,0.00208134,30.0,0.0,0.0,0.0,0.0,0.0,0.0,1.031709,2.19304,0.566669,1211.76,8.33268,8.27958,0.72864,0.726778,0.717736,52.8577,52.8577,24.5577,41.7233,85.5303,26,0.0
300494,224.497,313549.0,119331.0,0.0,0.973397,264.009,1.11805,0.00520185,30.0,0.0,0.0,0.0,0.0,0.0,0.0,1.199995,1.50229,0.51903,1275.71,13.4063,8.61541,0.700704,0.699355,0.705176,15.133,16.5958,0.0,0.282404,37.6801,14,0.0
300517,143.281,305134.0,89093.6,0.0,1.12461,1058.87,1.06532,0.0041774,30.0,0.0,0.0,0.0,0.0,0.0,0.0,1.434521,2.02865,0.574534,1336.55,10.6182,8.24611,0.688964,0.678646,0.659263,42.6297,42.6297,0.598671,0.200402,26.163,14,0.0
300526,273.218,1265980.0,123096.0,0.0,0.927875,621.482,1.03829,0.0159685,30.0,0.0,0.0,0.0,0.0,0.0,0.0,1.133014,1.96444,0.542871,1150.32,12.4299,8.89694,0.733728,0.735232,0.720354,46.1847,46.1847,0.0,0.0440078,24.5166,14,0.0
300502,274.554,586703.0,112606.0,0.0,1.07218,404.341,1.09113,0.000699931,30.0,0.0,0.0,0.0,0.0,0.0,0.0,1.202885,2.14775,0.570125,1367.67,13.6342,8.54123,0.768134,0.773386,0.765264,38.233,39.8165,0.0,0.0,4.36337,14,0.0
300501,335.082,551673.0,147462.0,0.0,1.10502,417.344,1.06143,0.00253597,30.0,0.0,0.0,0.0,0.0,0.0,0.0,1.197611,2.06143,0.548658,1422.29,13.7916,8.54579,0.780304,0.786175,0.780673,36.9337,40.0685,0.0,0.0,5.12049,14,0.0
300509,326.569,505693.0,116379.0,0.0,1.01391,907.611,0.980782,0.00416722,30.0,0.0,0.0,0.0,0.0,0.0,0.0,1.278987,2.05431,0.568257,1227.72,12.0208,9.17638,0.721888,0.722664,0.706991,53.7062,53.7062,0.0308541,0.0657404,17.4991,14,0.0
300426,323.711,1004860.0,171596.0,0.0,1.02614,616.78,0.941617,0.00232373,30.0,0.0,0.0,0.0,0.0,0.0,0.0,1.011944,1.92291,0.534008,1218.17,11.6036,8.45312,0.720038,0.717984,0.702925,84.2548,84.2548,0.0505126,0.0793045,8.84913,25,0.0
300515,340.175,422920.0,108607.0,0.0,0.946829,795.86,1.07184,0.00732151,30.0,0.0,0.0,0.0,0.0,0.0,0.0,1.059301,2.06542,0.555543,1120.57,11.2642,8.66639,0.720134,0.723252,0.708544,43.0421,43.0421,1.00512,0.82036,32.801,14,0.0
300376,355.608,1811180.0,193761.0,0.0,0.944437,378.356,1.06032,0.0182613,30.0,0.0,0.0,0.0,0.0,0.0,0.0,1.111742,2.25312,0.567321,1091.16,9.72283,8.18943,0.768423,0.769597,0.765664,45.3546,45.4633,27.402,38.7978,74.8431,25,0.0
300490,358.379,691876.0,184117.0,0.0,0.925579,225.808,1.17942,0.0327715,30.0,0.0,0.0,0.0,0.0,0.0,0.0,1.026916,1.39131,0.483823,1204.71,12.9622,8.52684,0.143846,0.144638,0.145977,2.55036,2.55597,0.142283,0.333075,38.5761,14,0.0
300530,349.712,1180750.0,201173.0,19.7,1.21332,557.688,1.45286,0.00449538,30.0,0.0,0.0,0.0,0.0,0.0,0.0,1.40877,2.12574,0.57188,1502.38,13.2825,8.34492,0.767666,0.772844,0.765314,35.7297,36.5947,0.0,0.0,7.68786,14,0.0
300664,370.64,472691.0,121901.0,0.0,0.796073,305.564,1.50923,0.00861294,30.0,0.0,0.0,0.0,0.0,0.0,0.0,1.123225,1.81753,0.45721,882.911,8.19936,8.1502,0.60496,0.603245,0.613557,14.8797,14.8808,58.228,71.5588,95.042,25,0.0
300418,372.712,987518.0,167230.0,0.0,0.968688,781.034,1.0676,0.00247354,30.0,0.0,0.0,0.0,0.0,0.0,0.0,1.143702,2.04604,0.565852,1134.23,10.4991,8.68186,0.700661,0.696878,0.680399,47.6703,47.6703,0.0351568,0.122811,18.2066,26,0.0
300395,380.958,676719.0,131171.0,0.0,0.878226,344.865,1.0534,0.00844765,30.0,0.0,0.0,0.0,0.0,0.0,0.0,2.596889,2.03204,0.53986,1028.46,10.3647,8.28194,0.688869,0.688782,0.684245,27.8468,27.8767,14.8987,21.0395,65.0864,25,0.0
300378,384.257,1090610.0,231858.0,0.0,1.18324,761.273,1.03197,0.00470205,30.0,0.0,0.0,0.0,0.0,0.0,0.0,1.177857,2.05,0.532065,1335.94,9.96164,7.96635,0.757125,0.757041,0.750927,39.9464,39.9557,3.66278,9.14273,61.0317,25,0.0
300444,421.634,1021300.0,205724.0,0.0,0.946854,286.472,1.14119,0.0102909,30.0,0.0,0.0,0.0,0.0,0.0,0.0,1.071377,1.38524,0.514886,1184.69,12.5173,8.60728,0.658962,0.661683,0.664596,12.9175,13.3062,0.710155,0.84928,44.2452,25,0.0
300460,406.904,895612.0,187861.0,0.0,1.03982,437.034,1.048,0.00124727,30.0,0.0,0.0,0.0,0.0,0.0,0.0,1.100479,1.9309,0.533255,1276.98,12.7163,8.57735,0.731611,0.72734,0.714257,57.417,57.4214,0.0,0.0,3.58716,14,0.0
300459,460.163,735686.0,187679.0,0.0,0.959813,393.22,1.03896,0.00318099,30.0,0.0,0.0,0.0,0.0,0.0,0.0,1.632894,1.82082,0.514344,1188.25,12.7479,8.66824,0.73406,0.731087,0.717519,64.9359,64.9359,0.0,0.0,6.57059,14,0.0
300984,525.002,443583.0,70784.7,0.0,0.613158,327.473,13.4898,0.00295371,30.0,0.0,0.0,0.0,0.0,0.0,0.0,1.062557,1.24123,0.441994,1026.4,16.5864,9.31723,0.591835,0.591749,0.593536,9.59054,9.5956,0.0,0.0,5.71445,14,0.0
300975,555.444,156824.0,25039.2,243.6,0.375044,456.711,9.22394,0.00128355,30.0,0.0,0.0,0.0,0.0,0.0,0.0,1.060845,0.631036,0.300871,741.743,16.483,10.6802,0.591969,0.594333,0.605647,13.9531,13.9531,0.0,0.0,14.8056,14,0.0
300980,590.987,273810.0,52830.0,0.0,0.437591,392.896,4.29365,0.00563139,30.0,0.0,0.0,0.0,0.0,0.0,0.0,1.080281,0.897357,0.40393,813.117,16.3962,10.1269,0.541025,0.538587,0.541118,22.4246,22.4246,0.0,0.0,11.4206,14,0.0
300499,703.014,1788600.0,302224.0,0.0,1.12165,466.159,1.13327,0.00171592,30.0,0.0,0.0,0.0,0.0,0.0,0.0,1.237336,2.1079,0.57763,1394.42,13.2964,8.61729,0.764136,0.768518,0.76171,41.9789,42.4565,0.0,0.0,4.19744,14,0.0
300404,1414.3,3828660.0,603099.0,24.7,0.895234,322.163,25.318,0.0406529,30.0,0.0,0.0,0.0,0.0,0.0,0.0,1.128393,1.32202,0.451914,1050.15,10.5655,8.32738,0.617781,0.621123,0.627542,6.12426,6.28117,18.657,30.6236,70.7371,25,1.0
300982,1560.29,1789010.0,181852.0,69.2,0.506277,328.964,7.16223,0.00552171,30.0,0.0,0.0,0.0,0.0,0.0,0.0,1.020926,1.02485,0.406809,908.093,16.8071,9.85479,0.569274,0.569069,0.578825,13.4702,13.4706,0.0,0.0,6.50572,14,0.0
300963,2300.93,5476700.0,362689.0,635.9,0.565833,314.752,5.51339,0.0511624,30.0,0.0,0.0,0.0,0.0,0.0,0.0,1.522266,1.15156,0.403424,959.137,16.2469,9.59669,0.608352,0.61427,0.615395,11.5724,11.5724,0.0,0.0,8.67887,14,0.0
300960,63877.9,16487000.0,361276.0,4391.2,0.224935,1444.65,14.576,0.00162734,90.0,0.0,0.0,0.0,0.0,0.0,0.0,1.080708,0.444781,0.234739,475.4,12.5655,12.5248,0.492172,0.495804,0.481701,61.7205,61.7205,3.29048,6.85915,54.0461,14,0.9285714285714286
300961,65736.6,26469200.0,593873.0,4391.2,0.231899,1415.22,14.6643,0.00337347,30.0,0.0,0.0,0.0,0.0,0.0,0.0,1.033839,0.45615,0.239514,485.698,12.6617,12.4554,0.494135,0.497634,0.484155,60.3911,60.3911,3.19744,6.66521,52.988,14,1.0
300964,70973.1,57786100.0,1420380.0,5096.9,0.257124,1333.91,14.2968,0.00541024,54.8528,0.0,0.0,0.0,0.0,0.0,0.0,1.066793,0.506677,0.252568,521.551,12.9336,12.2431,0.501781,0.505352,0.492817,56.7822,56.7822,2.96153,6.17345,49.8015,14,0.96
301228,1665.15,11356200.0,1186280.0,0.0,0.953058,891.182,0.905198,0.00100334,30.0,59.11874842305002,59.11874842305002,0.0,0.0,0.0,0.0,1.054546,0.187797,0.0504016,1301.42,10.0977,11.1431,0.541865,0.53678,0.529788,76.9437,76.9439,12.8443,25.6349,75.0609,9,0.9230769230769232
301229,4233.92,43768600.0,2778400.0,70.6,0.948639,695.331,1.03153,0.00582323,30.0,86.16677925813765,79.32814598368228,79.58459473147435,85.75646126167032,86.62268814310136,81.20877013415752,1.032327,0.421791,0.11437,1267.34,10.9382,10.8623,0.555593,0.54964,0.54198,82.4333,82.4387,6.68044,14.6936,62.4579,9,1.0
301233,3151.2,13147900.0,1397010.0,616.7,0.842508,1184.18,1.0546,0.000971127,30.0,228.5943112248303,185.73287787017463,171.44573341862272,208.3541899184651,261.9309816117847,261.9309816117847,1.007833,0.230623,0.0658168,1123.96,8.57815,10.9526,0.509945,0.504029,0.498801,43.991,43.991,36.138,52.092,83.8637,8,1.0
301009,70.6599,26663.7,8805.79,0.0,0.552765,3304.3,0.449598,0.000146332,30.0,0.0,0.0,0.0,0.0,0.0,0.0,1.267644,0.0,0.0,635.216,1.09076,10.7557,0.483397,0.46003,0.466525,93.6597,93.6597,79.6029,88.9438,97.7904,27,0.0
301086,114.662,52.2993,35.3359,0.0,0.229541,1557.73,0.918046,0.0054723,30.0,0.0,0.0,0.0,0.0,0.0,0.0,1.043132,0.601383,0.293768,441.461,17.0933,12.453,0.535309,0.54855,0.554803,99.71,99.71,0.00559692,0.359931,11.1251,6,0.0
301085,130.951,87.2022,34.2814,0.0,0.204671,1372.29,2.18072,0.0123508,30.0,0.0,0.0,0.0,0.0,0.0,0.0,1.232244,0.392614,0.22071,433.507,17.9622,12.6156,0.586422,0.605508,0.612968,99.4205,99.4205,0.0,0.0,3.95701,6,0.0
301103,177.906,1365.36,467.153,0.0,0.210762,1206.17,0.795844,0.0086612,30.0,0.0,0.0,0.0,0.0,0.0,0.0,1.059488,0.51485,0.267546,453.513,18.3048,12.088,0.506023,0.517572,0.524106,100.0,100.0,0.0,0.0,4.64809,6,0.0
301079,210.677,28.5643,18.7369,0.0,0.23075,1551.32,11.747,0.00122231,30.0,0.0,0.0,0.0,0.0,0.0,0.0,1.023896,0.558774,0.286901,487.075,16.2251,12.6265,0.470194,0.47787,0.48169,100.0,100.0,0.0,0.0,4.74338,7,0.0
301014,231.647,67242.5,22164.0,0.0,0.534227,3319.17,0.568513,0.000521427,30.0,0.0,0.0,0.0,0.0,0.0,0.0,1.279687,0.20077,0.0714936,629.615,0.784268,11.3722,0.553395,0.532106,0.521081,97.866,97.866,87.7324,95.2155,99.3639,27,0.0
301095,285.066,61352.4,12985.1,0.0,0.325691,1999.53,0.999383,0.00027022,30.0,0.0,0.0,0.0,0.0,0.0,0.0,1.097654,0.450613,0.195554,570.892,10.8482,11.4027,0.591829,0.602365,0.589643,38.1047,38.1047,17.7325,35.3422,80.4265,7,0.0
301090,317.411,15956.9,2652.28,0.0,0.245426,1306.66,2.9442,0.000280965,30.0,0.0,0.0,0.0,0.0,0.0,0.0,1.128909,0.650074,0.30174,534.165,15.8753,13.0838,0.555927,0.564273,0.554884,54.399,54.399,0.0,0.409087,15.9938,6,0.0
301097,368.064,66010.1,14187.2,0.0,0.306379,1884.68,0.921567,0.00184156,30.0,0.0,0.0,0.0,0.0,0.0,0.0,1.027523,0.277667,0.124874,543.18,11.4262,11.8226,0.574288,0.584087,0.568996,39.9003,39.9003,18.6887,33.9509,66.4689,7,0.0
301101,422.009,9403.91,1685.41,0.0,0.22926,1162.51,1.09494,0.00443629,30.0,0.0,0.0,0.0,0.0,0.0,0.0,1.175944,0.676644,0.316932,499.565,18.0144,13.3545,0.540174,0.549194,0.549404,80.6414,80.6414,0.0,0.00196586,9.50285,4,0.0
301021,433.505,361833.0,74609.0,0.0,0.396244,3100.15,0.578723,1.20742e-05,30.0,0.0,0.0,0.0,0.0,0.0,0.0,1.040546,0.478973,0.143625,544.626,1.17007,11.6947,0.611237,0.603142,0.59453,99.9843,99.9843,90.873,95.8443,99.5839,26,0.0
301089,527.461,146579.0,20462.6,0.0,0.281058,1689.89,1.10848,0.0,30.0,0.0,0.0,0.0,0.0,0.0,0.0,1.118212,0.513743,0.201638,558.083,12.6007,12.6209,0.546207,0.555239,0.539355,52.7241,52.7241,0.41108,3.63031,38.9397,7,0.0
301064,582.753,356.595,78.0337,0.0,0.191435,1715.47,5.86353,3.69644e-06,30.0,0.0,0.0,0.0,0.0,0.0,0.0,1.02736,0.337199,0.188564,446.695,13.2957,13.088,0.531794,0.544312,0.533424,71.0652,71.0652,0.0466656,0.261883,19.6196,7,0.0
301098,627.951,224710.0,32076.1,0.0,0.339486,2019.7,1.01814,0.000133941,30.0,0.0,0.0,0.0,0.0,0.0,0.0,1.088526,0.364612,0.143181,595.419,10.2823,11.2407,0.57922,0.591507,0.581338,40.2962,40.2962,13.8599,33.528,82.7519,7,0.0
301027,877.042,1217490.0,159320.0,0.0,0.597137,3320.39,0.647595,0.0,30.0,0.0,0.0,0.0,0.0,0.0,0.0,1.117192,0.343881,0.14202,711.025,0.421908,11.4043,0.574701,0.564314,0.548725,91.3064,91.3064,76.723,85.9948,96.7683,7,0.0
301080,1383.55,4409.69,2001.22,0.0,0.234627,1485.54,6.86702,0.00379452,30.0,0.0,0.0,0.0,0.0,0.0,0.0,1.021165,0.555734,0.283579,504.914,16.822,12.8621,0.460993,0.463607,0.465696,100.0,100.0,0.0,0.0,3.52845,7,0.0
301102,1513.67,142941.0,14303.4,0.0,0.232118,1503.41,2.49363,0.00449051,30.0,0.0,0.0,0.0,0.0,0.0,0.0,1.107818,0.602365,0.290273,506.845,15.0839,12.6575,0.526676,0.533471,0.532996,55.5683,55.5683,0.00877944,0.361627,15.5426,7,0.0
301091,1741.34,68502.8,12642.3,0.0,0.271487,1549.46,1.4362,8.44497e-05,30.0,76.41641812695894,0.0,0.0,0.0,0.0,0.0,1.025461,0.382733,0.159585,559.478,13.6223,12.5266,0.546949,0.555429,0.542866,49.0324,49.0324,0.717051,3.5885,31.2749,6,0.0
301092,2128.58,97162.3,14283.8,0.0,0.266212,1495.75,1.58474,9.18701e-05,30.0,0.0,0.0,0.0,0.0,0.0,0.0,1.036687,0.429503,0.182706,553.762,14.1398,12.7184,0.54816,0.556577,0.544915,50.425,50.425,0.586602,2.94232,27.8481,6,0.0
301076,3174.47,33396.8,6299.59,0.0,0.204911,1503.76,11.5791,0.000996889,30.0,0.0,0.0,0.0,0.0,0.0,0.0,1.137876,0.420748,0.230243,429.139,17.0933,13.0024,0.493003,0.495753,0.489984,100.0,100.0,0.000380613,0.000888979,2.65869,7,0.0
301035,3602.16,6451210.0,548567.0,111.9,0.432472,2568.15,1.62218,0.000377196,30.0,127.18159296848206,178.0542301558749,0.0,0.0,0.0,0.0,1.198612,1.43345,0.386353,594.383,3.13427,10.951,0.554798,0.53702,0.537694,46.1628,46.1628,95.6789,96.9179,98.7243,26,1.0
301082,4327.8,152132.0,15766.2,0.0,0.215574,1336.52,5.69986,0.00623759,30.0,0.0,0.0,0.0,0.0,0.0,0.0,1.029343,0.490147,0.254502,465.615,17.5819,12.6826,0.487563,0.498592,0.505559,99.9691,99.9691,0.0,0.00124838,2.72856,6,0.0
300998,256.784,49837.9,14789.5,0.0,0.496891,3039.59,0.773811,0.000520207,30.0,0.0,0.0,0.0,0.0,0.0,0.0,1.275524,0.0695135,0.0235114,643.066,4.05324,11.7545,0.545087,0.546631,0.532834,98.2001,98.2001,45.7241,82.1833,99.4798,26,0.0
301002,1218.28,15515.4,5206.72,0.0,0.428372,2592.07,1.22541,0.000273863,30.0,0.0,0.0,0.0,0.0,0.0,0.0,2.295494,0.0493962,0.0182739,588.025,6.46667,11.3754,0.499486,0.498173,0.495768,90.2148,90.2148,45.1599,70.2567,90.5777,7,0.0
300997,24468.6,28774100.0,632332.0,534.8,0.366564,2743.74,13.3635,6.12323e-05,30.0,108.8752252950489,98.97747754095356,74.23310815571516,74.23310815571516,49.48873877047678,0.0,1.036748,0.395624,0.186947,485.314,4.18475,12.3886,0.515167,0.511481,0.499648,72.0065,72.0065,50.9193,65.238,90.0785,7,0.9166666666666666
